id,area,roles,what_it_does,web_location,backing_routes,classification,mobile_treatment,phase,dependencies,risk,store_policy_note
PG-001,Public marketing,all,"Home: immersive hero, trust bar, featured artists from the live catalogue, For Venues grid",website/src/app//page.tsx,GET /api/browse-artists (paged replacement WP-N-BROWSE),Rebuilt specifically for mobile,"Native Home tab per role. Signed-out and customer users get a discovery feed (featured, near me, recent); artists and venues land on their portal Home instead, so the marketing home is not the app's front door.",P1,GET /api/browse-artists (paged replacement WP-N-BROWSE),Low,-
PG-002,Public marketing,all,About page,website/src/app/(pages)/about/page.tsx,,Intentionally excluded,"Stays on the web. Reached from Settings > About Wallplace, which opens the web page in an in-app browser tab. Nobody loses it; it is read once.",Web only,-,Low,"4.2.2 says an app should not primarily be marketing material, so marketing pages stay off the tab bar."
PG-003,Account,all,Appeal a moderation decision,website/src/app/(pages)/account/appeal/page.tsx,POST /api/moderation,Reused with modification,Native form reached from the suppression or block notice.,P4,POST /api/moderation,Low,Apple 1.2 and Play UGC both expect an appeal path.
PG-004,Account,all,Seven email preference toggles,website/src/app/(pages)/account/email/page.tsx,GET/PATCH /api/account/email-preferences,Reused with modification,"Native Notifications settings screen that shows email and push side by side, so a user sets both in one place instead of learning they are different systems.",P2,GET/PATCH /api/account/email-preferences,Med,-
PG-005,Account,all,One-click unsubscribe from a signed link,website/src/app/(pages)/account/email/unsubscribe/page.tsx,,Intentionally excluded,Web. It is opened from an email client and must work without the app.,Web only,-,Low,"List-Unsubscribe compliance is an email requirement, not an app one."
PG-006,Account,all,Data export download,website/src/app/(pages)/account/export/page.tsx,GET /api/account/export,Reused with modification,"Native: request the export, then hand the JSON to the system share sheet or Files, since a viewer sandbox cannot rely on an anchor download.",P3,GET /api/account/export,Med,UK GDPR access right; both stores expect data controls to be reachable.
PG-007,Account,all,"Password change with re-authentication, session list, account deletion",website/src/app/(pages)/account/security/page.tsx,POST /api/account/delete,Reused with modification,Native Security screen. Account deletion stays a typed confirmation and calls the same POST /api/account/delete.,P2,POST /api/account/delete,HIGH,"Apple 5.1.1(v) requires in-app deletion; Play requires in-app AND a web link, which /account/security already provides."
PG-008,Admin,admin,Admin dashboard,website/src/app/(pages)/admin/page.tsx,,Intentionally excluded,"Every admin surface stays on the web. There is one admin, the work is desk work (reading applications, adjudicating disputes, writing quotes), and shipping an admin surface would put the ADMIN_EMAILS predicate and the audit log inside a store-reviewed binary for no user benefit. The owner uses the web on a phone browser when away from a desk.",Web only,-,Low,Shipping admin tools would also raise 5.1.1 and reviewer-account questions for no gain.
PG-009,Admin,admin,Accept or reject artist applications,website/src/app/(pages)/admin/applications/page.tsx,,Intentionally excluded,"Web. This is the highest-value admin action and worth a push notification to the owner (see WP-X-ADMINPUSH), but the decision itself stays on the web.",Web only,-,Med,-
PG-010,Admin,admin,Artist administration,website/src/app/(pages)/admin/artists/page.tsx,,Intentionally excluded,Web.,Web only,-,Low,-
PG-011,Admin,admin,Blog review,website/src/app/(pages)/admin/blogs/page.tsx,BLOGS_V1,Intentionally excluded,Web.,Web only,BLOGS_V1,Low,-
PG-012,Admin,admin,Curation quotes and refunds,website/src/app/(pages)/admin/curation/page.tsx,,Intentionally excluded,Web.,Web only,-,Low,-
PG-013,Admin,admin,Dispute adjudication,website/src/app/(pages)/admin/disputes/page.tsx,,Intentionally excluded,Web.,Web only,-,Low,-
PG-014,Admin,admin,Feature request triage,website/src/app/(pages)/admin/feature-requests/page.tsx,,Intentionally excluded,Web.,Web only,-,Low,-
PG-015,Admin,admin,Feedback triage,website/src/app/(pages)/admin/feedback/page.tsx,,Intentionally excluded,Web.,Web only,-,Low,-
PG-016,Admin,admin,MRR and financials,website/src/app/(pages)/admin/financials/page.tsx,,Intentionally excluded,Web. It gains a third revenue channel only if store billing is ever adopted; see section 6.9.,Web only,-,Med,-
PG-017,Admin,admin,Moderation queue,website/src/app/(pages)/admin/moderation/page.tsx,,Intentionally excluded,"Web. Note the queue is the backstop for in-app reports, so its throughput matters to Apple 1.2 even though it is not in the app.",Web only,-,Med,Apple 1.2 expects reported content to be acted on; the queue is where that happens.
PG-018,Admin,admin,Refund approval,website/src/app/(pages)/admin/refunds/page.tsx,,Intentionally excluded,Web.,Web only,-,Low,-
PG-019,Admin,admin,Venue administration,website/src/app/(pages)/admin/venues/page.tsx,,Intentionally excluded,Web.,Web only,-,Low,-
PG-020,Auth,artist,"Artist application, 1,019-line multi-step form",website/src/app/(pages)/apply/page.tsx,POST /api/apply,Reused with modification,"Native multi-step form with a locally persisted draft, camera and library upload for sample work, and the same applySchema on the server. Section 8.7 sets the step split.",P2,POST /api/apply,HIGH,-
PG-021,Auth,artist,Claim a pre-seeded artist profile,website/src/app/(pages)/apply/claim/page.tsx,,Intentionally excluded,Web only. It is an admin-assisted one-off; the email that starts it links to the web.,Web only,-,Low,-
PG-022,Legal,artist,Artist agreement,website/src/app/(pages)/artist-agreement/page.tsx,TERMS_VERSION,Reused with modification,"In-app legal route, linked from the artist signup acceptance and from Settings > Legal.",P1,TERMS_VERSION,Med,-
PG-023,Artist portal,artist,"Dashboard: onboarding checklist, stat tiles, action items, activity feed, outreach allowance",website/src/app/(pages)/artist-portal/page.tsx,GET /api/dashboard; GET /api/outreach/allowance,Improved or redesigned for the app,"Becomes the artist Home tab: an action-first feed (requests awaiting you, offers expiring, orders to dispatch, unread messages) with the stat tiles below it. The web dashboard is information-first; on a phone the artist opens the app to do one thing.",P1,GET /api/dashboard; GET /api/outreach/allowance,Med,-
PG-024,Artist portal,artist,"Ranges, totals, by-date, top works, sources, per-venue",website/src/app/(pages)/artist-portal/analytics/page.tsx,GET /api/analytics/artist,Reused with modification,"Native charts with the same server aggregates. Per-venue breakdown is Pro-only, unchanged.",P3,GET /api/analytics/artist,Low,-
PG-025,Artist portal,artist,Browse and respond to venue briefs,website/src/app/(pages)/artist-portal/artwork-requests/page.tsx,GET /api/artwork-requests; POST /api/artwork-requests/[id]/responses,Reused with modification,Native list inside the Work tab.,P3,GET /api/artwork-requests; POST /api/artwork-requests/[id]/responses,Low,-
PG-026,Artist portal,artist,Brief detail and response composer,website/src/app/(pages)/artist-portal/artwork-requests/[id]/page.tsx,GET /api/artwork-requests/[id],Reused with modification,Native detail and response sheet.,P3,GET /api/artwork-requests/[id],Low,-
PG-027,Artist portal,artist,"Plan cards, Stripe Checkout, Billing Portal, Connect onboarding and dashboard, referral code, trial state",website/src/app/(pages)/artist-portal/billing/page.tsx,GET /api/me/subscription; POST /api/stripe-connect/onboard; GET /api/stripe-connect/dashboard,Reused with modification,"Split. Payouts (Stripe Connect onboarding and Express dashboard) stay in the app and open Stripe-hosted pages in an in-app browser, because payouts are not a purchase. The subscription half becomes a read-only plan state on iOS with no purchase control and no link; on Android the platform default is the same, with an owner decision open on a link-out. See section 6.",P2,GET /api/me/subscription; POST /api/stripe-connect/onboard; GET /api/stripe-connect/dashboard,HIGH,The single most compliance-sensitive screen in the app.
PG-028,Artist portal,artist,"Blog list (BLOGS_V1, off in production)",website/src/app/(pages)/artist-portal/blogs/page.tsx,BLOGS_V1,Intentionally excluded,Web only. The flag is off in production and long-form writing on a phone is not the job.,Web only,BLOGS_V1,Low,-
PG-029,Artist portal,artist,Blog editor (existing post),website/src/app/(pages)/artist-portal/blogs/[id]/edit/page.tsx,BLOGS_V1,Intentionally excluded,Web only.,Web only,BLOGS_V1,Low,-
PG-030,Artist portal,artist,Blog editor,website/src/app/(pages)/artist-portal/blogs/new/page.tsx,BLOGS_V1,Intentionally excluded,Web only.,Web only,BLOGS_V1,Low,-
PG-031,Artist portal,artist,Collections with optional size tiers,website/src/app/(pages)/artist-portal/collections/page.tsx,GET/POST/PATCH /api/collections,Reused with modification,"Native list and editor, size tiers priced from src/lib/collection-tiers.ts.",P3,GET/POST/PATCH /api/collections,Low,-
PG-032,Artist portal,artist,"Public-profile enquiries, mark handled",website/src/app/(pages)/artist-portal/enquiries/page.tsx,GET/PATCH /api/enquiry,Reused with modification,"Folded into the Messages tab as a second segment, since an enquiry is a message the artist cannot reply to in-thread.",P2,GET/PATCH /api/enquiry,Low,-
PG-033,Artist portal,artist,"QR label sheets: styles, sizes, themes, taglines, A4 print preview via window.print",website/src/app/(pages)/artist-portal/labels/page.tsx,NEW POST /api/labels/pdf (WP-N-LABELS),Rebuilt specifically for mobile,"Native label composer producing a PDF server-side, then AirPrint and the Android print service, plus share and email. window.print has no native equivalent and printing from a phone is a real venue-visit job.",P2,NEW POST /api/labels/pdf (WP-N-LABELS),HIGH,-
PG-034,Artist portal,artist,"Message inbox with attachments, pins, block, report, in-thread placement and offer cards, placement context drawer",website/src/app/(pages)/artist-portal/messages/page.tsx,GET/POST/PATCH /api/messages; /[conversationId]; /block; /report; /unread,Rebuilt specifically for mobile,"Native two-pane on tablet, stacked on phone. Push-triggered refresh replaces the 15s and 8s polls. Camera and file attachments, block and report as native long-press actions on a thread.",P1,GET/POST/PATCH /api/messages; /[conversationId]; /block; /report; /unread,HIGH,Apple 1.2 UGC: block and report must be present and easy to find.
PG-035,Artist portal,artist,"Purchase offers received, counter and accept",website/src/app/(pages)/artist-portal/offers/page.tsx,GET/PATCH /api/offers; /offers/[id],Reused with modification,Native list and sheet. The 60% floor and seven-day expiry stay server-side.,P2,GET/PATCH /api/offers; /offers/[id],Med,-
PG-036,Artist portal,artist,"Order list with status updates, tracking numbers and refunds",website/src/app/(pages)/artist-portal/orders/page.tsx,GET/PATCH /api/orders; POST /api/orders/[id]/events; POST /api/refunds/process,Reused with modification,Native list with a status action sheet and a tracking-number field. Barcode scanning for the tracking number is a P4 nicety.,P2,GET/PATCH /api/orders; POST /api/orders/[id]/events; POST /api/refunds/process,Med,-
PG-037,Artist portal,artist,"Placement list with stepper, counter dialog, QR modal, labels deep link",website/src/app/(pages)/artist-portal/placements/page.tsx,GET/POST/PATCH /api/placements,Rebuilt specifically for mobile,"Native list grouped by state, opening the shared placement detail. The 1,997-line web page's inline stepper moves into the detail screen.",P1,GET/POST/PATCH /api/placements,HIGH,-
PG-038,Artist portal,artist,"Works: single and bulk add, bulk pricing spreadsheet, drag reorder, frame options, per-size stock, shipping and in-store pricing, Artwork of the Week",website/src/app/(pages)/artist-portal/portfolio/page.tsx,GET/POST/PATCH /api/artist-works; POST /api/artist-works/[id]/feature,Rebuilt specifically for mobile,Native Works list with camera-first capture and background upload. The bulk pricing spreadsheet and the clipboard paste path are intentionally excluded on mobile and stay on the web; the drag reorder becomes long-press-and-drag on the list.,P2,GET/POST/PATCH /api/artist-works; POST /api/artist-works/[id]/feature,HIGH,-
PG-039,Artist portal,artist,"Instagram post generator: renders a PNG, copies a caption",website/src/app/(pages)/artist-portal/posts/page.tsx,NEW GET /api/social/post-image (WP-N-SOCIAL),Improved or redesigned for the app,"Native share sheet with the rendered image and the caption together, which is what the artist actually wanted. Rendering moves server-side so the app is not compositing canvases.",P3,NEW GET /api/social/post-image (WP-N-SOCIAL),Low,-
PG-040,Artist portal,artist,"Edit profile, now including the full works editor",website/src/app/(pages)/artist-portal/profile/page.tsx,GET/PATCH /api/artist-profile,Reused with modification,"Split into a native Profile screen (identity, bio, taxonomy, preferences) and the Works editor reached from the Work tab, because 1,163 plus 4,774 lines in one scroll is not a phone screen.",P2,GET/PATCH /api/artist-profile,Med,-
PG-041,Artist portal,artist,Saved items,website/src/app/(pages)/artist-portal/saved/page.tsx,GET/POST/DELETE /api/saved,Reused with modification,"Native list, offline-cached.",P2,GET/POST/DELETE /api/saved,Low,-
PG-042,Artist portal,artist,"Notification preferences, password change, account deletion",website/src/app/(pages)/artist-portal/settings/page.tsx,GET/PATCH /api/account/preferences; POST /api/account/delete,Reused with modification,"Native Settings, merged with the account screens so there is one Settings in the app rather than three.",P2,GET/PATCH /api/account/preferences; POST /api/account/delete,Med,Apple 5.1.1(v) account deletion lives here.
PG-043,Artist portal,artist,Showroom list (Pro),website/src/app/(pages)/artist-portal/showroom/page.tsx,GET /api/walls,Reused with modification,Native list of saved showrooms; opening one launches the WebView editor.,P3,GET /api/walls,Med,-
PG-044,Artist portal,artist,Full-bleed showroom editor (Konva and three.js),website/src/app/(pages)/artist-portal/showroom/[id]/page.tsx,GET/PATCH /api/walls/[id]/layouts/[lid]; GET /api/walls/quota,Reused with modification,"Embedded WebView editor, full-screen, with a native top bar. Justified individually in section 4.6: react-konva and three.js have no native equivalent, the editor is 2,025 plus 1,345 plus 768 lines, and the quota ledger already lives server-side.",P3,GET/PATCH /api/walls/[id]/layouts/[lid]; GET /api/walls/quota,Med,"4.2 risk is managed because it is one editor inside an otherwise native app, not the app."
PG-045,Artist portal,artist,Create a showroom from a preset or a photo,website/src/app/(pages)/artist-portal/showroom/new/page.tsx,POST /api/walls; POST /api/walls/upload-photo,Reused with modification,"Native create sheet (preset picker or camera and library), then the WebView editor.",P3,POST /api/walls; POST /api/walls/upload-photo,Med,-
PG-046,Artist portal,artist,Propose work onto a venue's public wall,website/src/app/(pages)/artist-portal/walls/propose/[wallId]/page.tsx,POST /api/venues/[slug]/walls/[wallId]/proposals,Reused with modification,Native proposal sheet on top of the venue wall screen; the compose step uses the WebView editor when the artist wants to lay the work out.,P3,POST /api/venues/[slug]/walls/[wallId]/proposals,Med,-
PG-047,Public marketing,all,For-artists marketing page,website/src/app/(pages)/artists/page.tsx,,Intentionally excluded,"Web. Its job is acquisition, which happens before install.",Web only,-,Low,-
PG-048,Marketplace,artist,Public artwork requests board,website/src/app/(pages)/artwork-requests/page.tsx,GET /api/artwork-requests/public,Reused with modification,Native list inside the artist Work tab.,P3,GET /api/artwork-requests/public,Low,-
PG-049,Editorial,all,"Blog index (BLOGS_V1, off in production)",website/src/app/(pages)/blog/page.tsx,BLOGS_V1,Intentionally excluded,Web. Revisit only if BLOGS_V1 ships and blog traffic justifies it.,Web only,BLOGS_V1,Low,4.2.2 content aggregation.
PG-050,Editorial,all,Blog post,website/src/app/(pages)/blog/[slug]/page.tsx,BLOGS_V1,Intentionally excluded,Web. Universal links for /blog/* open the web page in an in-app browser rather than bouncing to Safari.,Web only,BLOGS_V1,Low,-
PG-051,Marketplace,all,"Marketplace: galleries, portfolios and collections views, URL-mirrored filters, postcode and geolocation distance filter, featured sort",website/src/app/(pages)/browse/page.tsx,NEW GET /api/browse/feed (WP-N-BROWSE); GET /api/browse-collections,Rebuilt specifically for mobile,"The single most important rebuild. A virtualised two-column grid with server-side paging and search, a native filter sheet with committed-on-apply semantics, a segmented control for the three views, and Core Location for 'near me'. The web page is a 3,041-line client component that pulls the whole catalogue (191KB, 41 artists, 260 works, requested twice) and filters in the browser; that model does not survive a mid-range Android device.",P1,NEW GET /api/browse/feed (WP-N-BROWSE); GET /api/browse-collections,HIGH,-
PG-052,Marketplace,all,"Artist public profile: works grid, lightbox, enquiry form, placements, showroom link, themes",website/src/app/(pages)/browse/[slug]/page.tsx,"GET /api/browse-artists (single-artist mode needed, WP-C-ARTIST); POST /api/enquiry",Rebuilt specifically for mobile,"Native profile screen with a paged works grid, a native pinch-and-pan lightbox, share sheet, save, and Enquire as a sheet. This is the QR landing screen, so it must read the deep-link query and store the attribution claim before anything else.",P1,"GET /api/browse-artists (single-artist mode needed, WP-C-ARTIST); POST /api/enquiry",HIGH,-
PG-053,Marketplace,all,"Artwork page: size and frame selection, buy, make offer, collect from venue, view on your wall",website/src/app/(pages)/browse/[slug]/[workSlug]/page.tsx,GET /api/browse-artists; POST /api/checkout; POST /api/offers,Rebuilt specifically for mobile,"Native artwork screen with a size and frame picker as a bottom sheet, a sticky price and buy bar above the home indicator, and the three CTAs (buy, offer, collect from venue) resolved from the same server-priced payload the web page uses.",P1,GET /api/browse-artists; POST /api/checkout; POST /api/offers,HIGH,Apple 3.1.3(e) and Play physical-goods exception: this must NOT use in-app purchase.
PG-054,Marketplace,all,Public 2.5D showroom scene for a Pro artist,website/src/app/(pages)/browse/[slug]/showroom/page.tsx,GET /api/walls/[id]/layouts,Reused with modification,"Rendered in an embedded WebView on the artist profile, because the scene is three.js and there is no native equivalent worth building for a Pro-only surface with 9 wall_layouts rows in production. Justified per-screen in section 4.6.",P3,GET /api/walls/[id]/layouts,Med,"4.2 is satisfied because this is one embedded component inside a native screen, not a web page standing in for the app."
PG-055,Marketplace,all,Collection page with optional size tiers,website/src/app/(pages)/browse/collections/[collectionId]/page.tsx,GET /api/collections/[id]; GET /api/browse-collections,Reused with modification,Native collection screen reusing the artwork screen's size picker; collection-tier pricing comes from src/lib/collection-tiers.ts unchanged.,P2,GET /api/collections/[id]; GET /api/browse-collections,Low,-
PG-056,Auth,all,Post-signup verification holding page,website/src/app/(pages)/check-your-inbox/page.tsx,POST /api/auth/resend-verification,Reused with modification,"Native unconfirmed-email state with a resend control, matching PortalGuard's web state.",P1,POST /api/auth/resend-verification,Med,-
PG-057,Checkout,all,"Cart, shipping or collection choice, address, per-artist shipping, QR attribution replay",website/src/app/(pages)/checkout/page.tsx,POST /api/checkout (extended with a PaymentIntent mode),Rebuilt specifically for mobile,"Native checkout with Stripe PaymentSheet, Apple Pay and Google Pay. The cart, the server-side re-pricing, cart_sessions as the data of record and the QR attribution claim all stay exactly where they are; only the payment surface changes. See WP-N-PAYSHEET.",P2,POST /api/checkout (extended with a PaymentIntent mode),HIGH,Apple 3.1.3(e) mandates a non-IAP method for physical goods and names Apple Pay. Play's physical-goods exception is explicit.
PG-058,Checkout,all,Order confirmation read from the Stripe session,website/src/app/(pages)/checkout/confirmation/page.tsx,GET /api/checkout/session,Reused with modification,"Native confirmation screen with a haptic success, the order number, and Add to Wallet deferred to a later phase.",P2,GET /api/checkout/session,Med,-
PG-059,Legal,all,Complaints procedure,website/src/app/(pages)/complaints/page.tsx,,Intentionally excluded,"Web, from Settings > Help.",Web only,-,Low,-
PG-060,Public marketing,all,Contact form,website/src/app/(pages)/contact/page.tsx,POST /api/contact,Reused with modification,"Native form in Settings > Contact us, posting to POST /api/contact. Short enough to be worth a native screen and it is the support path a reviewer will look for.",P2,POST /api/contact,Low,Play and Apple both want a working support contact.
PG-061,Legal,all,Cookie policy and consent explainer,website/src/app/(pages)/cookies/page.tsx,,Intentionally excluded,There are no cookies in a native app. The consent banner does not ship; the analytics identifier section of the privacy policy covers what replaces it.,Web only,-,Low,-
PG-062,Curation,venue,Wallplace Curated tiers and brief form,website/src/app/(pages)/curated/page.tsx,POST /api/curation,Reused with modification,Native enquiry form only. The two pay-first tiers do not take payment in the app: the brief is submitted and the payment link arrives by email. This removes the whole 'is a curation shortlist a digital service' argument from review.,P3,POST /api/curation,Med,Avoids arguing Apple 3.1.3(e) over a service that is partly delivered as a document.
PG-063,Curation,venue,Per-tier deep dive,website/src/app/(pages)/curated/[tier]/page.tsx,,Reused with modification,Folded into the Curated enquiry screen as an expandable tier detail.,P3,-,Low,-
PG-064,Curation,venue,Enquiry confirmation,website/src/app/(pages)/curated/enquiry-sent/page.tsx,,Reused with modification,Native confirmation sheet.,P3,-,Low,-
PG-065,Curation,venue,Post-payment success page,website/src/app/(pages)/curated/success/page.tsx,,Intentionally excluded,"No payment happens in the app for Curated, so there is no success page. The web page still serves the emailed link.",Web only,-,Low,-
PG-066,Public marketing,customer,For-buyers marketing page,website/src/app/(pages)/customer/page.tsx,,Intentionally excluded,Web.,Web only,-,Low,-
PG-067,Customer portal,customer,My orders,website/src/app/(pages)/customer-portal/page.tsx,GET /api/orders,Reused with modification,Native list; the buyer's Home tab.,P2,GET /api/orders,Med,-
PG-068,Customer portal,customer,Delivery addresses,website/src/app/(pages)/customer-portal/addresses/page.tsx,GET/POST/PATCH/DELETE /api/customer-addresses,Reused with modification,Native list and form with the platform address autofill.,P2,GET/POST/PATCH/DELETE /api/customer-addresses,Low,-
PG-069,Customer portal,customer,"Explainer: customers cannot use the messaging API, enquire instead",website/src/app/(pages)/customer-portal/messages/page.tsx,,Improved or redesigned for the app,Not a tab. The explanation moves to the point of need: the Enquire button on an artist profile says the reply comes by email. A dead inbox tab is worse on a phone than on the web.,P2,-,Low,-
PG-070,Customer portal,customer,Order list (alias),website/src/app/(pages)/customer-portal/orders/page.tsx,GET /api/orders,Shared directly,Same screen as the customer Home tab.,P2,GET /api/orders,Low,-
PG-071,Customer portal,customer,Saved works,website/src/app/(pages)/customer-portal/saved/page.tsx,GET /api/saved,Reused with modification,"Native list, offline-cached.",P2,GET /api/saved,Low,-
PG-072,Customer portal,customer,Buyer settings,website/src/app/(pages)/customer-portal/settings/page.tsx,GET/PATCH /api/account/preferences,Reused with modification,"Native Settings, shared component with the other roles.",P2,GET/PATCH /api/account/preferences,Low,-
PG-073,Dev,dev,"Per-theme preview, dev surface",website/src/app/(pages)/dev/profile-designs/[slug]/page.tsx,,Intentionally excluded,"Web only, developer surface.",Web only,-,Low,-
PG-074,Public marketing,all,FAQ accordion,website/src/app/(pages)/faqs/page.tsx,,Intentionally excluded,"Web, opened in an in-app browser from Settings > Help. FAQ copy changes weekly; shipping it in a binary makes it stale between releases.",Web only,-,Low,-
PG-075,Public marketing,all,Feature request board with upvotes,website/src/app/(pages)/feature-requests/page.tsx,GET/POST /api/feature-requests; POST /api/feature-requests/[id]/upvote,Improved or redesigned for the app,"Native list with a native upvote (haptic on tap) in Settings > Ideas. Low cost, high signal for a founder working alone.",P4,GET/POST /api/feature-requests; POST /api/feature-requests/[id]/upvote,Low,UGC: needs the same report path as messages before it ships (Apple 1.2).
PG-076,Auth,all,Request a password reset,website/src/app/(pages)/forgot-password/page.tsx,Supabase GoTrue,Reused with modification,Native form. The reset email link is a universal link that opens the app on the reset screen.,P0,Supabase GoTrue,HIGH,Blocked on owner action A2 (Auth Site URL) before it can work at all.
PG-077,Marketplace,all,Galleries view entry point,website/src/app/(pages)/galleries/page.tsx,NEW GET /api/browse/feed,Shared directly,"Becomes one segment of the browse segmented control, not a separate screen.",P1,NEW GET /api/browse/feed,Low,-
PG-078,Public marketing,all,How it works explainer,website/src/app/(pages)/how-it-works/page.tsx,,Reused with modification,The content becomes the role-specific first-run onboarding carousel (three cards per role) rather than a page. The full web page stays reachable from Settings.,P1,-,Low,Counts towards 4.2 minimum functionality only if it replaces real features; it does not.
PG-079,Legal,all,Intellectual property and takedown policy,website/src/app/(pages)/ip-policy/page.tsx,,Reused with modification,"Linked from the in-app report flow, because Apple 1.2 and Play UGC both expect a stated policy reachable from the report control.",P2,-,Med,"Apple 1.2 UGC, Play UGC policy."
PG-080,Auth,all,"Email and password sign-in, OAuth buttons behind a flag, ?next= deep-link return",website/src/app/(pages)/login/page.tsx,Supabase GoTrue,Rebuilt specifically for mobile,"Native sign-in with PKCE, Keychain and Keystore token storage, optional biometric unlock as a local convenience, and Sign in with Apple whenever Google sign-in is offered.",P0,Supabase GoTrue,HIGH,"Apple 4.8: offering Google sign-in obliges an equivalent option, which Sign in with Apple satisfies."
PG-081,Public marketing,all,Newsletter double opt-in landing,website/src/app/(pages)/newsletter/confirmed/page.tsx,,Intentionally excluded,"Web. The confirmation link is opened from an email client, not the app.",Web only,-,Low,-
PG-082,Orders,customer,Order detail with status timeline and dispute form,website/src/app/(pages)/orders/[id]/page.tsx,GET /api/orders; POST /api/disputes,Reused with modification,"Native order detail. Only the buyer may mark delivered, unchanged. Dispute is a sheet.",P2,GET /api/orders; POST /api/disputes,Med,-
PG-083,Orders,guest,Guest order tracking by signed token,website/src/app/(pages)/orders/track/page.tsx,GET /api/orders/track,Reused with modification,"Universal link /orders/track?t= opens the app when installed and renders the same order detail read-only; the 90-day signed token is passed straight through, never re-minted on the client.",P2,GET /api/orders/track,Med,-
PG-084,Public marketing,all,Partners page,website/src/app/(pages)/partners/page.tsx,,Intentionally excluded,Web.,Web only,-,Low,-
PG-085,Placements,"artist,venue","Shared placement detail: stepper, counter dialog, QR modal, terms summary, photos, consignment record",website/src/app/(pages)/placements/[id]/page.tsx,GET/PATCH /api/placements/[id]; /history; /photos; /record; /review,Rebuilt specifically for mobile,"The single most valuable native screen for both operator roles. A stepper as a vertical timeline, counter as a sheet, photo capture from the camera, QR as a share-and-print action. Deep-linked from twelve email and bell targets.",P1,GET/PATCH /api/placements/[id]; /history; /photos; /record; /review,HIGH,-
PG-086,Placements,venue,Paid-loan monthly subscription setup via Stripe Checkout,website/src/app/(pages)/placements/[id]/payment/page.tsx,POST /api/placements/[id]/payment/setup,Reused with modification,"Opens Stripe's hosted page in an in-app browser (SFSafariViewController and Custom Tabs) and returns through a universal link. It is a recurring payment for a physical service, so it must not be in-app purchase, and Stripe hosting keeps card data out of the binary.",P2,POST /api/placements/[id]/payment/setup,HIGH,"Apple 3.1.3(e) physical services; Play 'physical services' exception names gym memberships, the same shape."
PG-087,Placements,"artist,venue",Post-completion review,website/src/app/(pages)/placements/[id]/review/page.tsx,POST /api/placements/[id]/review,Reused with modification,"Native rating and comment sheet, prompted by the review-request push.",P3,POST /api/placements/[id]/review,Low,UGC: reviews need the report path.
PG-088,Public marketing,artist,"Plan ladder, comparison table, founding offer",website/src/app/(pages)/pricing/page.tsx,GET /api/me/subscription; GET /api/outreach/allowance,Reused with modification,"iOS and Android: a read-only 'Your plan' comparison inside Settings that states what each tier includes and what the artist currently has. No price, no purchase control, no link, on iOS. See section 6 for the per-platform copy.",P2,GET /api/me/subscription; GET /api/outreach/allowance,HIGH,Apple 3.1.1 and 3.1.3: the compliance-critical screen. Copy differs by platform and region.
PG-089,Legal,all,Privacy policy,website/src/app/(pages)/privacy/page.tsx,,Reused with modification,"Same treatment as /terms. The sub-processor list gains APNs, FCM and the crash reporter before the first submission.",P1,-,Med,Apple privacy nutrition labels and Play Data safety must match this page.
PG-090,Dev,dev,"Profile theme gallery, dev surface",website/src/app/(pages)/profile-designs/page.tsx,,Intentionally excluded,"Web only, developer surface.",Web only,-,Low,-
PG-091,Curation,venue,Programmes pitch and quote request,website/src/app/(pages)/programmes/page.tsx,POST /api/curation,Reused with modification,"Native quote-request form (sites, pieces, sector, rotation cadence). Programmes is the launch product, so this is the one Curated surface worth native treatment.",P3,POST /api/curation,Med,Physical managed service: never in-app purchase on either store.
PG-092,Auth,venue,Standalone venue registration,website/src/app/(pages)/register-venue/page.tsx,POST /api/register-venue,Reused with modification,Merged into the native venue signup; the separate route stays on the web for the printed flyer QR.,P1,POST /api/register-venue,Low,-
PG-093,Auth,all,Set a new password from the emailed token,website/src/app/(pages)/reset-password/page.tsx,Supabase GoTrue,Reused with modification,Native screen reached by universal link. Falls back to the web page when the app is not installed.,P0,Supabase GoTrue,HIGH,Blocked on owner action A2.
PG-094,Legal,customer,Returns and cancellation policy,website/src/app/(pages)/returns/page.tsx,,Reused with modification,"Linked from the order detail screen and the checkout review step, opened in an in-app browser.",P2,-,Med,Consumer-law disclosure; must be reachable before payment.
PG-095,Auth,all,Role chooser hub,website/src/app/(pages)/signup/page.tsx,,Reused with modification,Native role chooser as the first-run screen for a signed-out visitor who taps Sign up.,P0,-,Med,-
PG-096,Auth,artist,Artist account creation with terms acceptance and Turnstile,website/src/app/(pages)/signup/artist/page.tsx,POST /api/terms/accept; NEW POST /api/auth/attest (WP-N-ATTEST),Rebuilt specifically for mobile,"Native form. Turnstile does not exist on native, so App Attest and Play Integrity replace it as the server-verified signal. TERMS_VERSION is recorded exactly as on the web.",P1,POST /api/terms/accept; NEW POST /api/auth/attest (WP-N-ATTEST),HIGH,Turnstile is a web widget; a server-verified attestation is the native equivalent.
PG-097,Auth,customer,Buyer account creation,website/src/app/(pages)/signup/customer/page.tsx,,Rebuilt specifically for mobile,"Native form. Guest checkout stays available, so an account is never forced.",P2,-,Low,Apple 5.1.1(v): do not require a login for browsing or buying.
PG-098,Auth,venue,Venue account creation,website/src/app/(pages)/signup/venue/page.tsx,POST /api/register-venue,Rebuilt specifically for mobile,"Native form plus POST /api/register-venue, same self-heal on first verified login.",P1,POST /api/register-venue,Med,-
PG-099,Marketplace,"artist,customer",Venue demand tracker with paywalled identity and an inline placement request form,website/src/app/(pages)/spaces/page.tsx,GET /api/venues/demand; GET /api/outreach/allowance; POST /api/placements,Reused with modification,Native list with the same server-side redaction (redactDemandVenue) and the outreach allowance badge above the list. The inline request form becomes a sheet.,P2,GET /api/venues/demand; GET /api/outreach/allowance; POST /api/placements,Med,"The paywalled identity is an entitlement read, not a purchase, so no store rule applies to showing it."
PG-100,Public marketing,all,Sustainability statement,website/src/app/(pages)/sustainability/page.tsx,,Intentionally excluded,Web.,Web only,-,Low,-
PG-101,Legal,all,Terms of service,website/src/app/(pages)/terms/page.tsx,TERMS_VERSION,Reused with modification,Rendered in-app from the same source as the web page (WebView on the legal route) so the acceptance checkbox at signup links to the exact text recorded in terms_acceptances.,P1,TERMS_VERSION,Med,Apple 5.1.1 and Play both require the terms and privacy links to work from inside the app.
PG-102,Legal,venue,Venue agreement,website/src/app/(pages)/venue-agreement/page.tsx,TERMS_VERSION,Reused with modification,"In-app legal route, linked from venue signup and Settings > Legal.",P1,TERMS_VERSION,Med,-
PG-103,Venue portal,venue,Venue dashboard,website/src/app/(pages)/venue-portal/page.tsx,GET /api/dashboard,Improved or redesigned for the app,"Venue Home tab: an action feed (placement requests to answer, offers, walls with nothing on them, QR scans this week).",P1,GET /api/dashboard,Med,-
PG-104,Venue portal,venue,QR scan analytics,website/src/app/(pages)/venue-portal/analytics/page.tsx,GET /api/analytics/venue,Reused with modification,Native charts.,P3,GET /api/analytics/venue,Low,-
PG-105,Venue portal,venue,Brief list,website/src/app/(pages)/venue-portal/artwork-requests/page.tsx,GET /api/artwork-requests,Reused with modification,Native list.,P3,GET /api/artwork-requests,Low,-
PG-106,Venue portal,venue,"Brief detail, responses, accept and fulfil",website/src/app/(pages)/venue-portal/artwork-requests/[id]/page.tsx,GET /api/artwork-requests/[id]; POST /[id]/fulfill; PATCH /[id]/responses/[responseId],Reused with modification,Native detail with response cards and an accept sheet that creates the placement.,P3,GET /api/artwork-requests/[id]; POST /[id]/fulfill; PATCH /[id]/responses/[responseId],Med,-
PG-107,Venue portal,venue,Edit a brief,website/src/app/(pages)/venue-portal/artwork-requests/[id]/edit/page.tsx,PATCH /api/artwork-requests/[id],Reused with modification,Native edit form.,P3,PATCH /api/artwork-requests/[id],Low,-
PG-108,Venue portal,venue,Create a brief,website/src/app/(pages)/venue-portal/artwork-requests/new/page.tsx,POST /api/artwork-requests,Reused with modification,Native multi-step form.,P3,POST /api/artwork-requests,Low,-
PG-109,Venue portal,venue,Venue QR label sheets,website/src/app/(pages)/venue-portal/labels/page.tsx,NEW POST /api/labels/pdf,Rebuilt specifically for mobile,"Same native label composer as the artist side, scoped to the venue's placements.",P2,NEW POST /api/labels/pdf,Med,-
PG-110,Venue portal,venue,Venue message inbox,website/src/app/(pages)/venue-portal/messages/page.tsx,GET/POST /api/messages,Rebuilt specifically for mobile,"Same native inbox as the artist side, one component, role-parameterised.",P1,GET/POST /api/messages,HIGH,Apple 1.2 UGC.
PG-111,Venue portal,venue,"Offers made, counter, accept, pay",website/src/app/(pages)/venue-portal/offers/page.tsx,GET/PATCH /api/offers; POST /api/offers/[id]/checkout,Reused with modification,Native list; the pay step opens Stripe Checkout in an in-app browser and returns by universal link on /venue-portal/offers?pay=.,P2,GET/PATCH /api/offers; POST /api/offers/[id]/checkout,Med,Physical goods: never in-app purchase.
PG-112,Venue portal,venue,Orders attributed to this venue,website/src/app/(pages)/venue-portal/orders/page.tsx,GET /api/orders,Reused with modification,Native list.,P2,GET /api/orders,Low,-
PG-113,Venue portal,venue,"Request, respond, counter, stepper, buy-off-the-wall offers",website/src/app/(pages)/venue-portal/placements/page.tsx,GET/POST/PATCH /api/placements,Rebuilt specifically for mobile,"Native list opening the shared placement detail. The 2,139-line web page splits into list plus detail plus sheets.",P1,GET/POST/PATCH /api/placements,HIGH,-
PG-114,Venue portal,venue,"Venue profile: gallery images, display needs, contact",website/src/app/(pages)/venue-portal/profile/page.tsx,GET/PATCH /api/venue-profile,Reused with modification,Native form with camera-first gallery upload.,P2,GET/PATCH /api/venue-profile,Med,-
PG-115,Venue portal,venue,Saved artists and works,website/src/app/(pages)/venue-portal/saved/page.tsx,GET /api/saved,Reused with modification,Native list.,P2,GET /api/saved,Low,-
PG-116,Venue portal,venue,"Contact details, outreach preference, payouts",website/src/app/(pages)/venue-portal/settings/page.tsx,PATCH /api/venue-profile; POST /api/stripe-connect/onboard,Reused with modification,Native Settings. accepts_artist_outreach currently writes through supabase.auth.updateUser from the client; on mobile it must move to a server route (WP-C-OUTREACH).,P2,PATCH /api/venue-profile; POST /api/stripe-connect/onboard,Med,-
PG-117,Venue portal,venue,Wall list,website/src/app/(pages)/venue-portal/walls/page.tsx,GET /api/walls,Reused with modification,Native list with a photo thumbnail per wall.,P2,GET /api/walls,Med,-
PG-118,Venue portal,venue,"Full-bleed wall editor, public toggle",website/src/app/(pages)/venue-portal/walls/[id]/page.tsx,GET/PATCH /api/walls/[id]; /layouts,Reused with modification,"Embedded WebView editor with a native top bar and a native public toggle, for the same reason as the showroom editor.",P3,GET/PATCH /api/walls/[id]; /layouts,Med,-
PG-119,Venue portal,venue,Create a wall from a preset or a photo,website/src/app/(pages)/venue-portal/walls/new/page.tsx,POST /api/walls; POST /api/walls/upload-photo,Improved or redesigned for the app,"Native create flow with camera capture and, from P4, ARKit and ARCore plane detection to measure the wall instead of typing centimetres. This is the clearest native win in the product.",P2,POST /api/walls; POST /api/walls/upload-photo,Med,"4.2.1: ARKit must be a real experience, not a model dropped into a view. Measuring a wall qualifies."
PG-120,Public marketing,all,For-venues marketing page,website/src/app/(pages)/venues/page.tsx,,Intentionally excluded,Web.,Web only,-,Low,-
PG-121,Marketplace,all,Venue public profile with public walls and open briefs,website/src/app/(pages)/venues/[slug]/page.tsx,GET /api/venues/[slug]; GET /api/venues/[slug]/walls/[wallId],Reused with modification,Native venue screen. Artists reach it from Spaces and from a placement. Public walls list feeds the wall-proposal flow.,P2,GET /api/venues/[slug]; GET /api/venues/[slug]/walls/[wallId],Med,-
PG-122,Auth,all,OAuth callback exchanging the signed state token,website/src/app/auth/callback/page.tsx,POST /api/auth/oauth-sign-state; POST /api/auth/oauth-finalize,Reused with modification,Replaced by a native ASWebAuthenticationSession and Custom Tabs flow returning to the app scheme. The HMAC state token and POST /api/auth/oauth-finalize are unchanged; only the redirect target moves.,P2,POST /api/auth/oauth-sign-state; POST /api/auth/oauth-finalize,HIGH,Apple 4.8 pairs with this.
PG-123,Dev,dev,Email template preview index,website/src/app/email-preview/page.tsx,,Intentionally excluded,"Web only, developer surface.",Web only,-,Low,-
PG-124,Dev,dev,Single email preview,website/src/app/email-preview/[id]/page.tsx,,Intentionally excluded,"Web only, developer surface.",Web only,-,Low,-
PG-125,Public marketing,all,Waitlist route,website/src/app/waitlist/page.tsx,,Intentionally excluded,Web only.,Web only,-,Low,-
RT-001,API route,server,DELETE / auth: bearer,website/src/app/api/account/route.ts,app/(pages)/account/email/page.tsx; app/(pages)/account/email/unsubscribe/ConfirmUnsubscribe.tsx; app/(pages)/account/export/page.tsx; components/AccountDangerZone.tsx,Kept entirely in the shared backend,"Consumed by the app exactly as the web consumes it: same method, same schema, same error contract. No change needed.",P2,159 lines,Low,-
RT-002,API route,server,POST / auth: bearer / side effects: email|stripe|site-url,website/src/app/api/account/delete/route.ts,components/AccountDangerZone.tsx,Kept entirely in the shared backend,Called from the native Security screen with the same typed confirmation.,P2,376 lines,HIGH,Apple 5.1.1(v) in-app deletion; Play requires in-app plus a web link.
RT-003,API route,server,GET|PATCH / auth: bearer,website/src/app/api/account/email-preferences/route.ts,app/(pages)/account/email/page.tsx,Kept entirely in the shared backend,Consumed as-is by the unified Notifications screen.,P2,100 lines,Med,-
RT-004,API route,server,GET|POST / auth: PUBLIC-ALLOWLIST / rate limited,website/src/app/api/account/email/unsubscribe/route.ts,app/(pages)/account/email/unsubscribe/ConfirmUnsubscribe.tsx,Kept entirely in the shared backend,"Consumed by the app exactly as the web consumes it: same method, same schema, same error contract. No change needed.",P2,172 lines,Low,-
RT-005,API route,server,GET / auth: bearer / rate limited / side effects: email|site-url,website/src/app/api/account/export/route.ts,app/(pages)/account/export/page.tsx,Kept entirely in the shared backend,Response handed to the share sheet.,P3,189 lines,Low,-
RT-006,API route,server,GET|PATCH / auth: bearer,website/src/app/api/account/preferences/route.ts,,Kept entirely in the shared backend,The three in-app notification toggles. The push mapping in appendix C reads them.,P2,208 lines,Med,-
RT-007,API route,server,GET / auth: bearer,website/src/app/api/account/roles/route.ts,components/Header.tsx; components/PortalGuard.tsx; components/VenuePortalLayout.tsx,Kept entirely in the shared backend,The authority for account switching. ownRoles (profiles this auth user owns) drives which role tabs exist; roles (all accounts on this email) drives the switcher. user_metadata.user_type is navigation only.,P1,78 lines,HIGH,-
RT-008,API route,server,GET / auth: admin,website/src/app/api/admin/applications/route.ts,app/(pages)/admin/applications/page.tsx; app/(pages)/admin/page.tsx,Intentionally excluded,Admin stays on the web (see the /admin page rows). The route is unchanged and the app never calls it.,Web only,31 lines,Low,-
RT-009,API route,server,PUT / auth: admin / side effects: email|site-url,website/src/app/api/admin/applications/[id]/route.ts,app/(pages)/admin/applications/page.tsx; app/(pages)/admin/page.tsx,Intentionally excluded,Admin stays on the web (see the /admin page rows). The route is unchanged and the app never calls it.,Web only,408 lines,Low,-
RT-010,API route,server,GET|PATCH / auth: admin / zod: patchSchema / side effects: email|site-url,website/src/app/api/admin/artists/route.ts,app/(pages)/admin/artists/page.tsx,Intentionally excluded,Admin stays on the web (see the /admin page rows). The route is unchanged and the app never calls it.,Web only,358 lines,Low,-
RT-011,API route,server,GET|PATCH / auth: admin / zod: patchSchema / side effects: email|site-url,website/src/app/api/admin/blogs/[id]/route.ts,app/(pages)/admin/blogs/page.tsx; app/(pages)/admin/moderation/page.tsx,Intentionally excluded,Admin stays on the web (see the /admin page rows). The route is unchanged and the app never calls it.,Web only,258 lines,Low,-
RT-012,API route,server,GET|PATCH / auth: admin / zod: patchSchema,website/src/app/api/admin/curation/route.ts,app/(pages)/admin/curation/page.tsx,Intentionally excluded,Admin stays on the web (see the /admin page rows). The route is unchanged and the app never calls it.,Web only,63 lines,Low,-
RT-013,API route,server,POST / auth: admin / zod: quoteSchema / side effects: email|site-url,website/src/app/api/admin/curation/quote/route.ts,,Intentionally excluded,Admin stays on the web (see the /admin page rows). The route is unchanged and the app never calls it.,Web only,214 lines,Low,-
RT-014,API route,server,POST / auth: admin / zod: bodySchema / side effects: email|stripe|site-url,website/src/app/api/admin/curation/refund/route.ts,app/(pages)/admin/curation/page.tsx,Intentionally excluded,Admin stays on the web (see the /admin page rows). The route is unchanged and the app never calls it.,Web only,228 lines,Low,-
RT-015,API route,server,GET / auth: admin,website/src/app/api/admin/disputes/route.ts,app/(pages)/admin/disputes/page.tsx,Intentionally excluded,Admin stays on the web (see the /admin page rows). The route is unchanged and the app never calls it.,Web only,50 lines,Low,-
RT-016,API route,server,PATCH / auth: admin / zod: patchSchema / side effects: email|site-url,website/src/app/api/admin/disputes/[id]/route.ts,app/(pages)/admin/disputes/page.tsx,Intentionally excluded,Admin stays on the web (see the /admin page rows). The route is unchanged and the app never calls it.,Web only,204 lines,Low,-
RT-017,API route,server,GET / auth: admin,website/src/app/api/admin/financials/route.ts,app/(pages)/admin/financials/page.tsx,Intentionally excluded,Admin stays on the web (see the /admin page rows). The route is unchanged and the app never calls it.,Web only,182 lines,Low,-
RT-018,API route,server,GET|PATCH / auth: admin / zod: decideSchema,website/src/app/api/admin/moderation/route.ts,app/(pages)/admin/blogs/page.tsx; app/(pages)/admin/feature-requests/page.tsx; app/(pages)/admin/feedback/page.tsx; app/(pages)/admin/moderation/page.tsx,Intentionally excluded,Admin stays on the web (see the /admin page rows). The route is unchanged and the app never calls it.,Web only,171 lines,Low,-
RT-019,API route,server,DELETE|POST / auth: admin / zod: linkSchema,website/src/app/api/admin/placements/[id]/link-programme/route.ts,,Intentionally excluded,Admin stays on the web (see the /admin page rows). The route is unchanged and the app never calls it.,Web only,153 lines,Low,-
RT-020,API route,server,GET / auth: admin,website/src/app/api/admin/stats/route.ts,app/(pages)/admin/page.tsx,Intentionally excluded,Admin stays on the web (see the /admin page rows). The route is unchanged and the app never calls it.,Web only,113 lines,Low,-
RT-021,API route,server,GET|PATCH / auth: admin / zod: patchSchema,website/src/app/api/admin/venues/route.ts,app/(pages)/admin/venues/page.tsx,Intentionally excluded,Admin stays on the web (see the /admin page rows). The route is unchanged and the app never calls it.,Web only,165 lines,Low,-
RT-022,API route,server,GET / auth: admin,website/src/app/api/admin/whoami/route.ts,components/AdminGate.tsx; components/AdminPortalLayout.tsx,Intentionally excluded,No admin surface ships in the app.,Web only,28 lines,Low,-
RT-023,API route,server,GET / auth: bearer,website/src/app/api/analytics/artist/route.ts,app/(pages)/artist-portal/analytics/page.tsx,Kept entirely in the shared backend,Consumed as-is.,P3,231 lines,Low,-
RT-024,API route,server,POST / auth: PUBLIC-ALLOWLIST / rate limited / side effects: analytics,website/src/app/api/analytics/track/route.ts,app/(pages)/browse/[slug]/ArtistProfileClient.tsx,Reused with modification,"ALLOWED_EVENTS is limited to venue_viewed_artist, artwork_view and profile_view. profile_view and artwork_view are recorded server-side on web page render, which does not happen in an app, so the app must post them explicitly and the visitor id must be derived from a rotating install identifier rather than hashed IP and user agent (WP-C-ANALYTICS).",P2,59 lines,Med,"Apple ATT is not triggered: the identifier is first-party, not shared with a data broker and not used for cross-app tracking."
RT-025,API route,server,GET / auth: bearer,website/src/app/api/analytics/venue/route.ts,app/(pages)/venue-portal/analytics/page.tsx; app/(pages)/venue-portal/page.tsx,Kept entirely in the shared backend,Consumed as-is.,P3,165 lines,Low,-
RT-026,API route,server,POST / auth: bearer|PUBLIC-ALLOWLIST / rate limited / zod: applySchema / side effects: email|site-url,website/src/app/api/apply/route.ts,components/ApplicationForm.tsx,Kept entirely in the shared backend,Consumed by the native application form; applySchema is the contract.,P2,303 lines,Med,-
RT-027,API route,server,GET|POST|PUT / auth: bearer,website/src/app/api/artist-profile/route.ts,app/(pages)/apply/claim/page.tsx; app/(pages)/artist-portal/billing/page.tsx; app/(pages)/artist-portal/labels/page.tsx; app/(pages)/artist-portal/profile/page.tsx,Kept entirely in the shared backend,"Already supports a profile-only mode that skips the works payload, which is what the mobile Profile screen wants.",P1,228 lines,Med,-
RT-028,API route,server,DELETE|GET|POST / auth: bearer / zod: artistWorkInputSchema,website/src/app/api/artist-works/route.ts,app/(pages)/spaces/page.tsx; components/BlogEditor.tsx; components/InStoreOfferCard.tsx; components/portfolio/WorksEditor.tsx,Reused with modification,Add cursor paging for the Works list; the works cap (WORKS_CAP) and claim_artist_work_slot stay server-side.,P2,332 lines,Med,-
RT-029,API route,server,POST / auth: bearer|PUBLIC-ALLOWLIST,website/src/app/api/artist-works/[id]/feature/route.ts,app/(pages)/spaces/page.tsx; components/BlogEditor.tsx; components/InStoreOfferCard.tsx; components/portfolio/WorksEditor.tsx,Kept entirely in the shared backend,"Consumed by the app exactly as the web consumes it: same method, same schema, same error contract. No change needed.",P2,69 lines,Low,-
RT-030,API route,server,GET|POST / auth: bearer / zod: createSchema / side effects: email|site-url,website/src/app/api/artwork-requests/route.ts,components/ArtworkRequestsList.tsx,Kept entirely in the shared backend,"Consumed by the app exactly as the web consumes it: same method, same schema, same error contract. No change needed.",P2,399 lines,Low,-
RT-031,API route,server,GET|PATCH / auth: bearer / authz: assertCanViewArtworkRequest / zod: patchSchema,website/src/app/api/artwork-requests/[id]/route.ts,components/ArtworkRequestsList.tsx,Kept entirely in the shared backend,"Consumed by the app exactly as the web consumes it: same method, same schema, same error contract. No change needed.",P2,138 lines,Low,-
RT-032,API route,server,POST / auth: bearer / zod: fulfillSchema,website/src/app/api/artwork-requests/[id]/fulfill/route.ts,components/ArtworkRequestsList.tsx,Kept entirely in the shared backend,"Consumed by the app exactly as the web consumes it: same method, same schema, same error contract. No change needed.",P2,272 lines,Low,-
RT-033,API route,server,GET|POST / auth: bearer / authz: assertCanViewArtworkRequest / zod: createSchema / side effects: email|bell|site-url,website/src/app/api/artwork-requests/[id]/responses/route.ts,components/ArtworkRequestsList.tsx,Kept entirely in the shared backend,"Consumed by the app exactly as the web consumes it: same method, same schema, same error contract. No change needed.",P2,396 lines,Low,-
RT-034,API route,server,PATCH / auth: bearer / zod: patchSchema / side effects: email|bell|site-url,website/src/app/api/artwork-requests/[id]/responses/[responseId]/route.ts,components/ArtworkRequestsList.tsx,Kept entirely in the shared backend,"Consumed by the app exactly as the web consumes it: same method, same schema, same error contract. No change needed.",P2,577 lines,Low,-
RT-035,API route,server,GET / auth: bearer,website/src/app/api/artwork-requests/public/route.ts,components/ArtworkRequestsList.tsx,Kept entirely in the shared backend,"Consumed by the app exactly as the web consumes it: same method, same schema, same error contract. No change needed.",P2,117 lines,Low,-
RT-036,API route,server,POST / auth: PUBLIC,website/src/app/api/auth/oauth-finalize/route.ts,app/auth/callback/page.tsx,Reused with modification,Unchanged contract. Called after the native ASWebAuthenticationSession returns.,P2,187 lines,HIGH,Apple 4.8 pairs Sign in with Apple with Google sign-in.
RT-037,API route,server,POST / auth: PUBLIC,website/src/app/api/auth/oauth-sign-state/route.ts,app/(pages)/login/page.tsx; app/(pages)/signup/artist/page.tsx; app/(pages)/signup/customer/page.tsx,Reused with modification,Unchanged contract; the next path in the signed state becomes an app route rather than a web path.,P2,32 lines,Med,-
RT-038,API route,server,POST / auth: PUBLIC / rate limited,website/src/app/api/auth/precheck/route.ts,app/(pages)/forgot-password/page.tsx; app/(pages)/login/page.tsx,Kept entirely in the shared backend,Consumed as-is by the native signup form.,P1,26 lines,Low,-
RT-039,API route,server,POST / auth: PUBLIC / rate limited / side effects: site-url,website/src/app/api/auth/resend-verification/route.ts,app/(pages)/login/page.tsx; components/PortalGuard.tsx,Kept entirely in the shared backend,Consumed as-is by the unconfirmed-email state.,P1,87 lines,Low,-
RT-040,API route,server,POST / auth: PUBLIC,website/src/app/api/auth/verify-turnstile/route.ts,app/(pages)/signup/artist/page.tsx; app/(pages)/signup/customer/page.tsx; app/(pages)/signup/venue/page.tsx,Intentionally excluded,"Turnstile is a browser widget and its secret is not set in production anyway. The app calls POST /api/auth/attest instead (App Attest and Play Integrity), a new route that fails closed the same way.",P1,95 lines,Med,-
RT-041,API route,server,POST / auth: PUBLIC,website/src/app/api/auth/welcome/route.ts,context/AuthContext.tsx,Kept entirely in the shared backend,"Fired once per user per install, guarded the same way the web guards it with welcomedRef.",P1,42 lines,Med,-
RT-042,API route,server,GET|POST / auth: bearer / zod: createSchema,website/src/app/api/blogs/route.ts,app/(pages)/artist-portal/blogs/[id]/edit/page.tsx; app/(pages)/artist-portal/blogs/page.tsx; components/BlogEditor.tsx,Kept entirely in the shared backend,"Consumed by the app exactly as the web consumes it: same method, same schema, same error contract. No change needed.",P2,162 lines,Low,-
RT-043,API route,server,DELETE|GET|PATCH / auth: bearer / zod: patchSchema,website/src/app/api/blogs/[id]/route.ts,app/(pages)/artist-portal/blogs/[id]/edit/page.tsx; app/(pages)/artist-portal/blogs/page.tsx; components/BlogEditor.tsx,Kept entirely in the shared backend,"Consumed by the app exactly as the web consumes it: same method, same schema, same error contract. No change needed.",P2,259 lines,Low,-
RT-044,API route,server,GET / auth: bearer,website/src/app/api/blogs/mine/route.ts,app/(pages)/artist-portal/blogs/page.tsx,Kept entirely in the shared backend,"Consumed by the app exactly as the web consumes it: same method, same schema, same error contract. No change needed.",P2,28 lines,Low,-
RT-045,API route,server,GET / auth: PUBLIC / rate limited,website/src/app/api/browse-artists/route.ts,app/(pages)/artist-portal/saved/page.tsx; app/(pages)/browse/page.tsx; app/(pages)/checkout/page.tsx; app/(pages)/customer-portal/saved/page.tsx,Reused with modification,"Measured on production 2026-09-06: 191,044 bytes, 41 artists, 260 embedded works, 263ms, and the browse page requests it twice per load. The app must not use it. Add GET /api/browse/feed with server-side filtering, sorting, distance and cursor paging returning card-shaped rows only (WP-N-BROWSE); the web page can migrate to it later.",P1,26 lines,HIGH,-
RT-046,API route,server,GET / auth: PUBLIC,website/src/app/api/browse-collections/route.ts,app/(pages)/browse/page.tsx,Reused with modification,Same paging treatment as the artist feed.,P2,77 lines,Med,-
RT-047,API route,server,POST / auth: bearer / zod: checkoutSchema / side effects: stripe|site-url,website/src/app/api/checkout/route.ts,app/(pages)/checkout/confirmation/page.tsx; app/(pages)/checkout/page.tsx,Reused with modification,"Add a PaymentIntent mode alongside the existing Checkout Session mode (WP-N-PAYSHEET). Everything else stays: server re-pricing, cart_sessions as the data of record keyed by the PaymentIntent id, QR attribution verification, venue share, fee, stock decrement, guest email, order tracking token. The webhook's fulfilment logic is NOT duplicated: it moves from checkout.session.completed to a shared handler that both that event and payment_intent.succeeded call.",P2,910 lines,HIGH,Apple 3.1.3(e) mandates a non-IAP method for physical goods and names Apple Pay explicitly.
RT-048,API route,server,GET / auth: PUBLIC / side effects: stripe,website/src/app/api/checkout/session/route.ts,app/(pages)/checkout/confirmation/page.tsx,Reused with modification,The confirmation screen reads it as-is; a PaymentIntent lookup variant is needed for the native path.,P2,46 lines,Med,-
RT-049,API route,server,DELETE|GET|PATCH|POST / auth: bearer,website/src/app/api/collections/route.ts,app/(pages)/artist-portal/collections/page.tsx; app/(pages)/browse/collections/[collectionId]/page.tsx,Kept entirely in the shared backend,"Consumed by the app exactly as the web consumes it: same method, same schema, same error contract. No change needed.",P2,398 lines,Low,-
RT-050,API route,server,GET / auth: PUBLIC,website/src/app/api/collections/[id]/route.ts,app/(pages)/artist-portal/collections/page.tsx; app/(pages)/browse/collections/[collectionId]/page.tsx,Kept entirely in the shared backend,"Consumed by the app exactly as the web consumes it: same method, same schema, same error contract. No change needed.",P2,176 lines,Low,-
RT-051,API route,server,POST / auth: PUBLIC-ALLOWLIST / rate limited / zod: contactSchema / side effects: email|site-url,website/src/app/api/contact/route.ts,components/ContactForm.tsx,Kept entirely in the shared backend,"Consumed by the app exactly as the web consumes it: same method, same schema, same error contract. No change needed.",P2,121 lines,Low,-
RT-052,API route,server,POST / auth: bearer / zod: bodySchema,website/src/app/api/contracts/sign/route.ts,app/(pages)/placements/[id]/PlacementLoanForm.tsx,Kept entirely in the shared backend,Exchanges a contract reference for a 10-minute signed URL. The app opens the result in a document viewer and must never cache the signed URL.,P3,97 lines,Med,-
RT-053,API route,server,GET / auth: cron / side effects: email|site-url,website/src/app/api/cron/inactive-users/route.ts,,Kept entirely in the shared backend,"Server-side scheduled job, unchanged. Its user-visible output (email and bell) gains a push where appendix C says so.",P2,432 lines,Low,-
RT-054,API route,server,GET / auth: cron / side effects: email|site-url,website/src/app/api/cron/onboarding-nudges/route.ts,,Kept entirely in the shared backend,"Server-side scheduled job, unchanged. Its user-visible output (email and bell) gains a push where appendix C says so.",P2,362 lines,Low,-
RT-055,API route,server,GET / auth: cron / side effects: site-url,website/src/app/api/cron/order-delivery-followup/route.ts,,Kept entirely in the shared backend,"Server-side scheduled job, unchanged. Its user-visible output (email and bell) gains a push where appendix C says so.",P2,242 lines,Low,-
RT-056,API route,server,GET / auth: cron / side effects: email|bell|site-url,website/src/app/api/cron/placement-ending-soon/route.ts,,Kept entirely in the shared backend,"Server-side scheduled job, unchanged. Its user-visible output (email and bell) gains a push where appendix C says so.",P2,204 lines,Low,-
RT-057,API route,server,GET / auth: cron / side effects: email|site-url,website/src/app/api/cron/placement-review-request/route.ts,,Kept entirely in the shared backend,"Server-side scheduled job, unchanged. Its user-visible output (email and bell) gains a push where appendix C says so.",P2,79 lines,Low,-
RT-058,API route,server,GET / auth: cron,website/src/app/api/cron/programme-rent-settlement/route.ts,,Kept entirely in the shared backend,"Server-side scheduled job, unchanged. Its user-visible output (email and bell) gains a push where appendix C says so.",P2,46 lines,Low,-
RT-059,API route,server,GET / auth: cron / side effects: email|bell|site-url,website/src/app/api/cron/qr-scan-digest/route.ts,,Kept entirely in the shared backend,"Server-side scheduled job, unchanged. Its user-visible output (email and bell) gains a push where appendix C says so.",P2,229 lines,Low,-
RT-060,API route,server,GET / auth: cron / side effects: email|bell|site-url,website/src/app/api/cron/referral-window/route.ts,,Kept entirely in the shared backend,"Server-side scheduled job, unchanged. Its user-visible output (email and bell) gains a push where appendix C says so.",P2,100 lines,Low,-
RT-061,API route,server,GET / auth: cron / side effects: stripe,website/src/app/api/cron/subscription-reconcile/route.ts,,Kept entirely in the shared backend,"Server-side scheduled job, unchanged. Its user-visible output (email and bell) gains a push where appendix C says so.",P2,218 lines,Low,-
RT-062,API route,server,GET / auth: cron / side effects: email|site-url,website/src/app/api/cron/weekly-artist-digest/route.ts,,Kept entirely in the shared backend,"Server-side scheduled job, unchanged. Its user-visible output (email and bell) gains a push where appendix C says so.",P2,193 lines,Low,-
RT-063,API route,server,GET / auth: cron / side effects: email|site-url,website/src/app/api/cron/weekly-venue-digest/route.ts,,Kept entirely in the shared backend,"Server-side scheduled job, unchanged. Its user-visible output (email and bell) gains a push where appendix C says so.",P2,151 lines,Low,-
RT-064,API route,server,POST / auth: PUBLIC-ALLOWLIST / zod: curationSchema / side effects: email|stripe|site-url,website/src/app/api/curation/route.ts,app/(pages)/curated/CuratedClient.tsx; app/(pages)/programmes/ProgrammesClient.tsx,Kept entirely in the shared backend,"Consumed by the app exactly as the web consumes it: same method, same schema, same error contract. No change needed.",P2,319 lines,Low,-
RT-065,API route,server,GET|POST / auth: PUBLIC-ALLOWLIST / rate limited / side effects: stripe|REDIRECT-HTML|site-url,website/src/app/api/curation/[id]/checkout/route.ts,app/(pages)/curated/CuratedClient.tsx; app/(pages)/programmes/ProgrammesClient.tsx,Intentionally excluded,Web-shaped: a GET that 302s to Stripe. The app never calls it; the quoted programme payment link arrives by email and opens on the web.,Web only,189 lines,Med,Keeping a quoted physical-service payment out of the app removes an argument at review.
RT-066,API route,server,GET|POST / auth: bearer / zod: customerAddressInputSchema,website/src/app/api/customer-addresses/route.ts,app/(pages)/checkout/page.tsx; app/(pages)/customer-portal/addresses/page.tsx,Kept entirely in the shared backend,"Consumed by the app exactly as the web consumes it: same method, same schema, same error contract. No change needed.",P2,97 lines,Low,-
RT-067,API route,server,DELETE|PATCH / auth: bearer / zod: customerAddressUpdateSchema,website/src/app/api/customer-addresses/[id]/route.ts,app/(pages)/checkout/page.tsx; app/(pages)/customer-portal/addresses/page.tsx,Kept entirely in the shared backend,"Consumed by the app exactly as the web consumes it: same method, same schema, same error contract. No change needed.",P2,140 lines,Low,-
RT-068,API route,server,GET / auth: bearer,website/src/app/api/dashboard/route.ts,app/(pages)/artist-portal/page.tsx; app/(pages)/venue-portal/page.tsx,Reused with modification,"Already a batched read, which is the right shape for mobile. Add the action-item counts the Home tab needs so the tab bar badge does not cost a second request.",P1,148 lines,Med,-
RT-069,API route,server,"GET|POST / auth: bearer / rate limited / authz: assertOrderParty,assertPlacementParty / side effects: email|site-url",website/src/app/api/disputes/route.ts,app/(pages)/customer-portal/page.tsx; app/(pages)/orders/[id]/page.tsx,Kept entirely in the shared backend,"Consumed by the app exactly as the web consumes it: same method, same schema, same error contract. No change needed.",P2,213 lines,Low,-
RT-070,API route,server,GET|PATCH|POST / auth: bearer|PUBLIC-ALLOWLIST / rate limited / zod: enquirySchema / side effects: email|site-url,website/src/app/api/enquiry/route.ts,app/(pages)/artist-portal/enquiries/page.tsx; app/(pages)/browse/[slug]/ArtistProfileClient.tsx; components/ContactForm.tsx,Kept entirely in the shared backend,"Consumed by the app exactly as the web consumes it: same method, same schema, same error contract. No change needed.",P2,294 lines,Low,-
RT-071,API route,server,GET|POST / auth: bearer / rate limited / zod: createSchema / side effects: email|site-url,website/src/app/api/feature-requests/route.ts,app/(pages)/feature-requests/page.tsx,Kept entirely in the shared backend,"Consumed by the app exactly as the web consumes it: same method, same schema, same error contract. No change needed.",P2,148 lines,Low,-
RT-072,API route,server,POST / auth: bearer,website/src/app/api/feature-requests/[id]/upvote/route.ts,app/(pages)/feature-requests/page.tsx,Kept entirely in the shared backend,"Consumed by the app exactly as the web consumes it: same method, same schema, same error contract. No change needed.",P2,44 lines,Low,-
RT-073,API route,server,GET / auth: cron,website/src/app/api/health/email/route.ts,,Kept entirely in the shared backend,Operational endpoint; a mobile sibling (WP-N-HEALTH) reports push credential health.,P3,83 lines,Low,-
RT-074,API route,server,GET / auth: bearer,website/src/app/api/me/subscription/route.ts,,Kept entirely in the shared backend,"The app's entitlement read. Extend the response with the resolved caps (works, placements, outreach, visualiser) so the app renders the right limits without three more round-trips (WP-C-ENTITLE).",P1,24 lines,HIGH,Reading an entitlement is not a purchase; no store rule applies.
RT-075,API route,server,GET|PATCH|POST / auth: bearer / authz: assertPlacementParty / zod: messageSchema / side effects: email|site-url,website/src/app/api/messages/route.ts,app/(pages)/admin/disputes/page.tsx; app/(pages)/browse/[slug]/ArtistProfileClient.tsx; app/(pages)/venue-portal/placements/page.tsx; components/Header.tsx,Reused with modification,"Add cursor paging on the conversation list and the thread (WP-C-MSGPAGE); the current shape returns everything, which is fine at 181 rows and not at 10,000. Polling is replaced by push-triggered refresh.",P1,1004 lines,HIGH,-
RT-076,API route,server,DELETE|GET|PATCH / auth: bearer / authz: assertConversationParticipant,website/src/app/api/messages/[conversationId]/route.ts,app/(pages)/admin/disputes/page.tsx; app/(pages)/browse/[slug]/ArtistProfileClient.tsx; app/(pages)/venue-portal/placements/page.tsx; components/Header.tsx,Kept entirely in the shared backend,"Consumed by the app exactly as the web consumes it: same method, same schema, same error contract. No change needed.",P2,131 lines,Low,-
RT-077,API route,server,POST / auth: bearer / rate limited,website/src/app/api/messages/block/route.ts,components/MessageInbox.tsx,Kept entirely in the shared backend,Backs the in-app block action.,P1,52 lines,HIGH,Apple 1.2 requires blocking abusive users.
RT-078,API route,server,DELETE|PATCH / auth: bearer,website/src/app/api/messages/item/[messageId]/route.ts,components/MessageInbox.tsx,Kept entirely in the shared backend,"Consumed by the app exactly as the web consumes it: same method, same schema, same error contract. No change needed.",P2,96 lines,Low,-
RT-079,API route,server,POST / auth: bearer / rate limited,website/src/app/api/messages/report/route.ts,components/MessageInbox.tsx,Kept entirely in the shared backend,"Backs the in-app report action, which Apple 1.2 requires for user-generated content.",P1,104 lines,HIGH,Apple 1.2 and Play UGC both require reporting.
RT-080,API route,server,GET / auth: bearer,website/src/app/api/messages/unread/route.ts,components/Header.tsx,Reused with modification,"Still needed for badge reconciliation on cold start, but the 60s poll goes; the badge comes from the push payload.",P1,50 lines,Med,-
RT-081,API route,server,POST / auth: bearer / rate limited / zod: submitSchema / side effects: email|site-url,website/src/app/api/moderation/route.ts,components/FeedbackBubble.tsx,Kept entirely in the shared backend,Backs the in-app appeal form.,P4,239 lines,Low,Apple 1.2 appeal path.
RT-082,API route,server,POST / auth: PUBLIC-ALLOWLIST / rate limited / side effects: email|site-url,website/src/app/api/newsletter/route.ts,components/NewsletterForm.tsx,Kept entirely in the shared backend,"Consumed by the app exactly as the web consumes it: same method, same schema, same error contract. No change needed.",P2,99 lines,Low,-
RT-083,API route,server,GET / auth: PUBLIC-ALLOWLIST / rate limited / zod: tokenSchema / side effects: REDIRECT-HTML|site-url,website/src/app/api/newsletter/confirm/route.ts,,Intentionally excluded,Web-shaped GET redirect opened from an email client.,Web only,122 lines,Low,-
RT-084,API route,server,GET|PATCH / auth: bearer,website/src/app/api/notifications/route.ts,components/Header.tsx,Reused with modification,Add cursor paging. The bell becomes the Activity tab; idempotency_key is what stops a push and a bell duplicating.,P1,80 lines,Med,-
RT-085,API route,server,GET|POST / auth: bearer / zod: createSchema / side effects: email|bell|site-url,website/src/app/api/offers/route.ts,components/CounterOfferDialog.tsx; components/MessageInbox.tsx; components/offers/MakeOfferModal.tsx; components/offers/OffersList.tsx,Kept entirely in the shared backend,"Consumed by the app exactly as the web consumes it: same method, same schema, same error contract. No change needed.",P2,583 lines,Low,-
RT-086,API route,server,GET|PATCH / auth: bearer / zod: patchSchema / side effects: email|bell|site-url,website/src/app/api/offers/[id]/route.ts,components/CounterOfferDialog.tsx; components/MessageInbox.tsx; components/offers/MakeOfferModal.tsx; components/offers/OffersList.tsx,Kept entirely in the shared backend,"Consumed by the app exactly as the web consumes it: same method, same schema, same error contract. No change needed.",P2,338 lines,Low,-
RT-087,API route,server,POST / auth: bearer / side effects: stripe|site-url,website/src/app/api/offers/[id]/checkout/route.ts,components/CounterOfferDialog.tsx; components/MessageInbox.tsx; components/offers/MakeOfferModal.tsx; components/offers/OffersList.tsx,Kept entirely in the shared backend,"Consumed by the app exactly as the web consumes it: same method, same schema, same error contract. No change needed.",P2,351 lines,Low,-
RT-088,API route,server,GET|PATCH / auth: bearer / authz: assertOrderParty / side effects: email|bell|site-url,website/src/app/api/orders/route.ts,app/(pages)/artist-portal/analytics/page.tsx; app/(pages)/artist-portal/orders/page.tsx; app/(pages)/customer-portal/page.tsx; app/(pages)/orders/[id]/page.tsx,Kept entirely in the shared backend,"Consumed by the app exactly as the web consumes it: same method, same schema, same error contract. No change needed.",P2,692 lines,Low,-
RT-089,API route,server,GET|POST / auth: bearer,website/src/app/api/orders/[id]/events/route.ts,app/(pages)/artist-portal/analytics/page.tsx; app/(pages)/artist-portal/orders/page.tsx; app/(pages)/customer-portal/page.tsx; app/(pages)/orders/[id]/page.tsx,Kept entirely in the shared backend,"Consumed by the app exactly as the web consumes it: same method, same schema, same error contract. No change needed.",P2,210 lines,Low,-
RT-090,API route,server,POST / auth: PUBLIC-ALLOWLIST / rate limited,website/src/app/api/orders/track/route.ts,app/(pages)/orders/track/page.tsx,Kept entirely in the shared backend,"The guest tracking token is passed through from the universal link, never re-minted client-side.",P2,115 lines,Med,-
RT-091,API route,server,GET / auth: bearer,website/src/app/api/outreach/allowance/route.ts,components/OutreachAllowance.tsx,Kept entirely in the shared backend,Read by the outreach badge on the Spaces list and the placement request sheet.,P2,45 lines,Med,-
RT-092,API route,server,DELETE|GET|PATCH|POST / auth: bearer / authz: assertNoServerOwned / zod: placementUpdateSchema / side effects: email|bell|site-url,website/src/app/api/placements/route.ts,app/(pages)/artist-portal/analytics/page.tsx; app/(pages)/artist-portal/labels/page.tsx; app/(pages)/artist-portal/placements/page.tsx; app/(pages)/artist-portal/posts/page.tsx,Reused with modification,"Add cursor paging and a state filter so the list screen does not read all 91 rows and grow. Everything else, including the outreach cap on created_by_user_id, is unchanged.",P1,2679 lines,HIGH,-
RT-093,API route,server,GET / auth: bearer,website/src/app/api/placements/[id]/route.ts,app/(pages)/artist-portal/analytics/page.tsx; app/(pages)/artist-portal/labels/page.tsx; app/(pages)/artist-portal/placements/page.tsx; app/(pages)/artist-portal/posts/page.tsx,Kept entirely in the shared backend,"Consumed by the app exactly as the web consumes it: same method, same schema, same error contract. No change needed.",P2,140 lines,Low,-
RT-094,API route,server,GET / auth: bearer,website/src/app/api/placements/[id]/history/route.ts,app/(pages)/artist-portal/analytics/page.tsx; app/(pages)/artist-portal/labels/page.tsx; app/(pages)/artist-portal/placements/page.tsx; app/(pages)/artist-portal/posts/page.tsx,Kept entirely in the shared backend,"Consumed by the app exactly as the web consumes it: same method, same schema, same error contract. No change needed.",P2,53 lines,Low,-
RT-095,API route,server,POST / auth: bearer / side effects: stripe|site-url,website/src/app/api/placements/[id]/payment/setup/route.ts,app/(pages)/artist-portal/analytics/page.tsx; app/(pages)/artist-portal/labels/page.tsx; app/(pages)/artist-portal/placements/page.tsx; app/(pages)/artist-portal/posts/page.tsx,Kept entirely in the shared backend,"Consumed by the app exactly as the web consumes it: same method, same schema, same error contract. No change needed.",P2,192 lines,Low,-
RT-096,API route,server,DELETE|POST / auth: bearer / zod: addSchema / side effects: bell,website/src/app/api/placements/[id]/photos/route.ts,app/(pages)/artist-portal/analytics/page.tsx; app/(pages)/artist-portal/labels/page.tsx; app/(pages)/artist-portal/placements/page.tsx; app/(pages)/artist-portal/posts/page.tsx,Kept entirely in the shared backend,"Consumed by the app exactly as the web consumes it: same method, same schema, same error contract. No change needed.",P2,103 lines,Low,-
RT-097,API route,server,PUT / auth: bearer / zod: recordSchema / side effects: email|bell|site-url,website/src/app/api/placements/[id]/record/route.ts,app/(pages)/artist-portal/analytics/page.tsx; app/(pages)/artist-portal/labels/page.tsx; app/(pages)/artist-portal/placements/page.tsx; app/(pages)/artist-portal/posts/page.tsx,Kept entirely in the shared backend,"Consumed by the app exactly as the web consumes it: same method, same schema, same error contract. No change needed.",P2,393 lines,Low,-
RT-098,API route,server,GET|POST / auth: bearer / zod: bodySchema / side effects: email|bell|site-url,website/src/app/api/placements/[id]/review/route.ts,app/(pages)/artist-portal/analytics/page.tsx; app/(pages)/artist-portal/labels/page.tsx; app/(pages)/artist-portal/placements/page.tsx; app/(pages)/artist-portal/posts/page.tsx,Kept entirely in the shared backend,"Consumed by the app exactly as the web consumes it: same method, same schema, same error contract. No change needed.",P2,210 lines,Low,-
RT-099,API route,server,GET / auth: bearer,website/src/app/api/placements/venues/route.ts,app/(pages)/artist-portal/placements/page.tsx,Kept entirely in the shared backend,"Consumed by the app exactly as the web consumes it: same method, same schema, same error contract. No change needed.",P2,110 lines,Low,-
RT-100,API route,server,GET / auth: PUBLIC / side effects: analytics|REDIRECT-HTML|site-url,website/src/app/api/qr/[slug]/route.ts,,Reused with modification,"Web-shaped: it 302s to an HTML page and the browser stores the claim in localStorage. On mobile the universal link handler must intercept /api/qr/* BEFORE the redirect, read vs/w/t/size, call the route with a header asking for JSON (WP-C-QRJSON), and write the venue attribution claim to Keychain/Keystore under the same 24h TTL. Losing this chain zeroes venue revenue share silently.",P1,121 lines,HIGH,-
RT-101,API route,server,GET / auth: bearer,website/src/app/api/refunds/route.ts,app/(pages)/admin/refunds/page.tsx; app/(pages)/artist-portal/orders/page.tsx; app/(pages)/customer-portal/page.tsx,Kept entirely in the shared backend,"Consumed by the app exactly as the web consumes it: same method, same schema, same error contract. No change needed.",P2,73 lines,Low,-
RT-102,API route,server,POST / auth: admin|bearer / side effects: email|bell|stripe|site-url,website/src/app/api/refunds/process/route.ts,app/(pages)/admin/refunds/page.tsx; app/(pages)/artist-portal/orders/page.tsx,Kept entirely in the shared backend,"Consumed by the app exactly as the web consumes it: same method, same schema, same error contract. No change needed.",P2,583 lines,Low,-
RT-103,API route,server,POST / auth: bearer / side effects: email|bell|site-url,website/src/app/api/refunds/request/route.ts,app/(pages)/artist-portal/orders/page.tsx; app/(pages)/customer-portal/page.tsx,Kept entirely in the shared backend,"Consumed by the app exactly as the web consumes it: same method, same schema, same error contract. No change needed.",P2,244 lines,Low,-
RT-104,API route,server,POST / auth: PUBLIC-ALLOWLIST / rate limited / zod: registerVenueSchema / side effects: email,website/src/app/api/register-venue/route.ts,app/(pages)/signup/venue/page.tsx,Kept entirely in the shared backend,"Consumed by the app exactly as the web consumes it: same method, same schema, same error contract. No change needed.",P2,140 lines,Low,-
RT-105,API route,server,DELETE|GET|POST / auth: bearer,website/src/app/api/saved/route.ts,app/(pages)/artist-portal/saved/page.tsx; app/(pages)/customer-portal/saved/page.tsx; app/(pages)/venue-portal/placements/page.tsx; context/SavedContext.tsx,Kept entirely in the shared backend,"Consumed by the app exactly as the web consumes it: same method, same schema, same error contract. No change needed.",P2,95 lines,Low,-
RT-106,API route,server,GET / auth: PUBLIC / rate limited,website/src/app/api/stats/public/route.ts,,Kept entirely in the shared backend,Consumed by the signed-out home feed.,P1,58 lines,Low,-
RT-107,API route,server,POST / auth: bearer / side effects: stripe,website/src/app/api/stripe-connect/dashboard/route.ts,app/(pages)/artist-portal/billing/page.tsx; app/(pages)/venue-portal/settings/page.tsx,Reused with modification,Same in-app browser treatment as onboarding.,P2,39 lines,Low,-
RT-108,API route,server,POST / auth: bearer / side effects: stripe|site-url,website/src/app/api/stripe-connect/onboard/route.ts,app/(pages)/artist-portal/billing/page.tsx; app/(pages)/venue-portal/settings/page.tsx,Reused with modification,Returns a Stripe-hosted URL. The app opens it in SFSafariViewController or Custom Tabs and returns via the universal link on ?stripe_connect=complete. Payouts to the artist are not a purchase.,P2,127 lines,Med,Neither store treats a payout onboarding flow as a purchase.
RT-109,API route,server, / auth: cron,website/src/app/api/stripe-connect/process-pending/route.ts,,Kept entirely in the shared backend,"Consumed by the app exactly as the web consumes it: same method, same schema, same error contract. No change needed.",P2,54 lines,Low,-
RT-110,API route,server,GET / auth: bearer / side effects: stripe,website/src/app/api/stripe-connect/status/route.ts,app/(pages)/artist-portal/billing/page.tsx; app/(pages)/artist-portal/page.tsx; app/(pages)/venue-portal/page.tsx; app/(pages)/venue-portal/settings/page.tsx,Kept entirely in the shared backend,"Consumed by the app exactly as the web consumes it: same method, same schema, same error contract. No change needed.",P2,42 lines,Low,-
RT-111,API route,server,POST / auth: bearer / side effects: stripe|site-url,website/src/app/api/subscribe/route.ts,app/(pages)/artist-portal/billing/page.tsx,Kept entirely in the shared backend,"Never called from the app on iOS. On the web it is unchanged. If store billing is ever adopted it gains a sibling route, not a branch (WP-C-SUBSRC).",Web only,118 lines,HIGH,Apple 3.1.1: an app that called this would be selling a subscription outside in-app purchase.
RT-112,API route,server,POST / auth: bearer / side effects: stripe|site-url,website/src/app/api/subscribe/portal/route.ts,app/(pages)/artist-portal/billing/page.tsx,Kept entirely in the shared backend,"Not called from the iOS app: the Billing Portal is where a subscription is cancelled and changed, which is a purchase surface. Cancellation copy in the app names the channel instead.",Web only,34 lines,HIGH,Apple 3.1.1 and 3.1.3.
RT-113,API route,server,POST / auth: bearer / rate limited / zod: termsAcceptSchema,website/src/app/api/terms/accept/route.ts,app/(pages)/signup/artist/page.tsx; app/(pages)/signup/customer/page.tsx; app/(pages)/signup/venue/page.tsx; components/ApplicationForm.tsx,Kept entirely in the shared backend,Records TERMS_VERSION at in-app signup exactly as the web does.,P1,97 lines,Med,-
RT-114,API route,server,GET|PATCH|POST|PUT / auth: bearer,website/src/app/api/venue-profile/route.ts,app/(pages)/curated/CuratedClient.tsx; app/(pages)/spaces/page.tsx; app/(pages)/venue-portal/labels/page.tsx; app/(pages)/venue-portal/profile/page.tsx,Reused with modification,"The self-heal on first verified login must run in the app too, or a venue that signs up on the phone has no profile row. accepts_artist_outreach currently writes via supabase.auth.updateUser from the client; move it to this route (WP-C-OUTREACH).",P1,316 lines,HIGH,-
RT-115,API route,server,GET / auth: bearer-optional,website/src/app/api/venues/[slug]/route.ts,app/(pages)/artist-portal/placements/page.tsx; app/(pages)/artist-portal/walls/propose/[wallId]/page.tsx; app/(pages)/spaces/page.tsx; app/(pages)/venues/[slug]/VenueProfileBody.tsx,Kept entirely in the shared backend,"Consumed by the app exactly as the web consumes it: same method, same schema, same error contract. No change needed.",P2,94 lines,Low,-
RT-116,API route,server,GET / auth: bearer-optional,website/src/app/api/venues/[slug]/profile/route.ts,app/(pages)/artist-portal/placements/page.tsx; app/(pages)/artist-portal/walls/propose/[wallId]/page.tsx; app/(pages)/spaces/page.tsx; app/(pages)/venues/[slug]/VenueProfileBody.tsx,Kept entirely in the shared backend,"Consumed by the app exactly as the web consumes it: same method, same schema, same error contract. No change needed.",P2,258 lines,Low,-
RT-117,API route,server,GET / auth: bearer-optional,website/src/app/api/venues/[slug]/walls/[wallId]/route.ts,app/(pages)/artist-portal/placements/page.tsx; app/(pages)/artist-portal/walls/propose/[wallId]/page.tsx; app/(pages)/spaces/page.tsx; app/(pages)/venues/[slug]/VenueProfileBody.tsx,Kept entirely in the shared backend,"Consumed by the app exactly as the web consumes it: same method, same schema, same error contract. No change needed.",P2,65 lines,Low,-
RT-118,API route,server,"POST / auth: bearer / authz: assertOwnsArtistProfile / zod: itemsSchema,placementIdSchema",website/src/app/api/venues/[slug]/walls/[wallId]/proposals/route.ts,app/(pages)/artist-portal/placements/page.tsx; app/(pages)/artist-portal/walls/propose/[wallId]/page.tsx; app/(pages)/spaces/page.tsx; app/(pages)/venues/[slug]/VenueProfileBody.tsx,Kept entirely in the shared backend,"Consumed by the app exactly as the web consumes it: same method, same schema, same error contract. No change needed.",P2,240 lines,Low,-
RT-119,API route,server,GET / auth: bearer-optional / rate limited,website/src/app/api/venues/demand/route.ts,app/(pages)/spaces/page.tsx,Kept entirely in the shared backend,redactDemandVenue and coarsenCoordinates apply unchanged. The app must never widen the projection.,P2,176 lines,HIGH,-
RT-120,API route,server,POST / auth: PUBLIC-ALLOWLIST / rate limited / zod: waitlistSchema / side effects: email,website/src/app/api/waitlist/route.ts,app/waitlist/page.tsx,Kept entirely in the shared backend,"Consumed by the app exactly as the web consumes it: same method, same schema, same error contract. No change needed.",P2,90 lines,Low,-
RT-121,API route,server,GET|POST / auth: bearer / zod: createWallSchema,website/src/app/api/walls/route.ts,app/(pages)/artist-portal/showroom/[id]/page.tsx; app/(pages)/artist-portal/showroom/new/page.tsx; app/(pages)/artist-portal/showroom/page.tsx; app/(pages)/venue-portal/page.tsx,Kept entirely in the shared backend,"Consumed by the app exactly as the web consumes it: same method, same schema, same error contract. No change needed.",P2,175 lines,Low,-
RT-122,API route,server,DELETE|GET|PATCH / auth: bearer|PUBLIC-ALLOWLIST / zod: updateWallSchema,website/src/app/api/walls/[id]/route.ts,app/(pages)/artist-portal/showroom/[id]/page.tsx; app/(pages)/artist-portal/showroom/new/page.tsx; app/(pages)/artist-portal/showroom/page.tsx; app/(pages)/venue-portal/page.tsx,Kept entirely in the shared backend,"Consumed by the app exactly as the web consumes it: same method, same schema, same error contract. No change needed.",P2,131 lines,Low,-
RT-123,API route,server,GET|POST / auth: bearer / zod: createLayoutSchema,website/src/app/api/walls/[id]/layouts/route.ts,app/(pages)/artist-portal/showroom/[id]/page.tsx; app/(pages)/artist-portal/showroom/new/page.tsx; app/(pages)/artist-portal/showroom/page.tsx; app/(pages)/venue-portal/page.tsx,Kept entirely in the shared backend,"Consumed by the app exactly as the web consumes it: same method, same schema, same error contract. No change needed.",P2,150 lines,Low,-
RT-124,API route,server,DELETE|GET|PATCH / auth: bearer / zod: updateLayoutSchema,website/src/app/api/walls/[id]/layouts/[lid]/route.ts,app/(pages)/artist-portal/showroom/[id]/page.tsx; app/(pages)/artist-portal/showroom/new/page.tsx; app/(pages)/artist-portal/showroom/page.tsx; app/(pages)/venue-portal/page.tsx,Kept entirely in the shared backend,"Consumed by the app exactly as the web consumes it: same method, same schema, same error contract. No change needed.",P2,128 lines,Low,-
RT-125,API route,server,POST / auth: bearer / rate limited,website/src/app/api/walls/[id]/layouts/[lid]/preview/route.ts,app/(pages)/artist-portal/showroom/[id]/page.tsx; app/(pages)/artist-portal/showroom/new/page.tsx; app/(pages)/artist-portal/showroom/page.tsx; app/(pages)/venue-portal/page.tsx,Kept entirely in the shared backend,"Consumed by the app exactly as the web consumes it: same method, same schema, same error contract. No change needed.",P2,199 lines,Low,-
RT-126,API route,server,POST / auth: bearer / zod: renderRequestSchema,website/src/app/api/walls/[id]/layouts/[lid]/render/route.ts,app/(pages)/artist-portal/showroom/[id]/page.tsx; app/(pages)/artist-portal/showroom/new/page.tsx; app/(pages)/artist-portal/showroom/page.tsx; app/(pages)/venue-portal/page.tsx,Kept entirely in the shared backend,"Server-side sharp compositor. No client calls it today (verified: zero call sites in src/components or src/app pages), so the app inherits nothing. Flagged as a separate cleanup, not this plan's work.",P3,282 lines,Low,-
RT-127,API route,server,GET / auth: bearer,website/src/app/api/walls/my-works/route.ts,components/visualizer/WallVisualizer.tsx,Kept entirely in the shared backend,"Consumed by the app exactly as the web consumes it: same method, same schema, same error contract. No change needed.",P2,155 lines,Low,-
RT-128,API route,server,GET / auth: bearer,website/src/app/api/walls/quota/route.ts,,Kept entirely in the shared backend,"Read by the WebView editor, unchanged.",P3,56 lines,Low,-
RT-129,API route,server,POST / auth: bearer / zod: quickRenderRequestSchema,website/src/app/api/walls/render-quick/route.ts,,Kept entirely in the shared backend,Same as above; no client call site.,P3,309 lines,Low,-
RT-130,API route,server,GET / auth: bearer,website/src/app/api/walls/saved-works/route.ts,components/visualizer/WallVisualizer.tsx,Kept entirely in the shared backend,"Consumed by the app exactly as the web consumes it: same method, same schema, same error contract. No change needed.",P2,108 lines,Low,-
RT-131,API route,server,POST / auth: bearer / rate limited,website/src/app/api/walls/upload-photo/route.ts,app/(pages)/artist-portal/showroom/new/page.tsx; app/(pages)/venue-portal/walls/new/page.tsx,Reused with modification,"15MB cap against Vercel's 4.5MB request body limit means the app must resize before upload, matching resizeImage's 2000px and WebP output. HEIC from an iPhone camera must be transcoded client-side first.",P2,259 lines,Med,-
RT-132,API route,server,POST / auth: webhook-sig|PUBLIC-ALLOWLIST / side effects: email,website/src/app/api/webhooks/resend/route.ts,,Kept entirely in the shared backend,Unchanged.,P2,219 lines,Low,-
RT-133,API route,server,POST / auth: webhook-sig|PUBLIC-ALLOWLIST / authz: assertLegsReconcile / side effects: email|bell|stripe|site-url,website/src/app/api/webhooks/stripe/route.ts,,Reused with modification,"Gains a payment_intent.succeeded branch that calls the same fulfilment function as checkout.session.completed, and (only if store billing is ever adopted) sibling routes for App Store Server Notifications V2 and Play RTDN.",P2,3248 lines,HIGH,-
RT-134,API route,server,POST / auth: webhook-sig|PUBLIC-ALLOWLIST / side effects: email,website/src/app/api/webhooks/supabase/route.ts,,Kept entirely in the shared backend,Unchanged.,P2,84 lines,Low,-
RT-135,API route,server,DELETE|POST / auth: bearer / zod: saveMockupSchema,website/src/app/api/works/[id]/mockups/route.ts,components/visualizer/WallVisualizer.tsx,Kept entirely in the shared backend,"Consumed by the app exactly as the web consumes it: same method, same schema, same error contract. No change needed.",P2,290 lines,Low,-
CR-001,Background job,server,daily 10:00: Re-engagement for dormant accounts,website/vercel.json,/api/cron/inactive-users,Kept entirely in the shared backend,"Scheduled job, unchanged. Its user-visible output (email and bell) gains a push where appendix C says so; the schedule itself never moves to the client.",P2,CRON_SECRET,Low,-
CR-002,Background job,server,daily 10:00: Onboarding step nudges,website/vercel.json,/api/cron/onboarding-nudges,Kept entirely in the shared backend,"Scheduled job, unchanged. Its user-visible output (email and bell) gains a push where appendix C says so; the schedule itself never moves to the client.",P2,CRON_SECRET,Low,-
CR-003,Background job,server,daily 12:00: Delivery follow-up,website/vercel.json,/api/cron/order-delivery-followup,Kept entirely in the shared backend,"Scheduled job, unchanged. Its user-visible output (email and bell) gains a push where appendix C says so; the schedule itself never moves to the client.",P2,CRON_SECRET,Low,-
CR-004,Background job,server,daily 10:00: Placement end-date reminder,website/vercel.json,/api/cron/placement-ending-soon,Kept entirely in the shared backend,"Scheduled job, unchanged. Its user-visible output (email and bell) gains a push where appendix C says so; the schedule itself never moves to the client.",P2,CRON_SECRET,Low,-
CR-005,Background job,server,daily 11:00: Post-completion review request,website/vercel.json,/api/cron/placement-review-request,Kept entirely in the shared backend,"Scheduled job, unchanged. Its user-visible output (email and bell) gains a push where appendix C says so; the schedule itself never moves to the client.",P2,CRON_SECRET,Low,-
CR-006,Background job,server,"monthly, 1st 09:00: Quarterly programme rent settlement",website/vercel.json,/api/cron/programme-rent-settlement,Kept entirely in the shared backend,"Scheduled job, unchanged. Its user-visible output (email and bell) gains a push where appendix C says so; the schedule itself never moves to the client.",P2,CRON_SECRET,Low,-
CR-007,Background job,server,daily 09:00: Daily QR scan digest,website/vercel.json,/api/cron/qr-scan-digest,Kept entirely in the shared backend,"Scheduled job, unchanged. Its user-visible output (email and bell) gains a push where appendix C says so; the schedule itself never moves to the client.",P2,CRON_SECRET,Low,-
CR-008,Background job,server,daily 10:30: Referral fee-free window ending,website/vercel.json,/api/cron/referral-window,Kept entirely in the shared backend,"Scheduled job, unchanged. Its user-visible output (email and bell) gains a push where appendix C says so; the schedule itself never moves to the client.",P2,CRON_SECRET,Low,-
CR-009,Background job,server,daily 07:30: Re-read Stripe and reconcile subscription_status,website/vercel.json,/api/cron/subscription-reconcile,Kept entirely in the shared backend,"Scheduled job, unchanged. Its user-visible output (email and bell) gains a push where appendix C says so; the schedule itself never moves to the client.",P2,CRON_SECRET,Low,-
CR-010,Background job,server,Tue 09:00: Weekly artist performance digest,website/vercel.json,/api/cron/weekly-artist-digest,Kept entirely in the shared backend,"Scheduled job, unchanged. Its user-visible output (email and bell) gains a push where appendix C says so; the schedule itself never moves to the client.",P2,CRON_SECRET,Low,-
CR-011,Background job,server,Wed 09:00: Weekly venue digest with artist matches,website/vercel.json,/api/cron/weekly-venue-digest,Kept entirely in the shared backend,"Scheduled job, unchanged. Its user-visible output (email and bell) gains a push where appendix C says so; the schedule itself never moves to the client.",P2,CRON_SECRET,Low,-
CR-012,Background job,server,daily 08:00: Release held transfers after the 14-day hold,website/vercel.json,/api/stripe-connect/process-pending,Kept entirely in the shared backend,"Scheduled job, unchanged. Its user-visible output (email and bell) gains a push where appendix C says so; the schedule itself never moves to the client.",P2,CRON_SECRET,Low,-
EM-001,Email family,"artist,venue",6 templates in category digests,website/src/emails/templates/,website/src/lib/email/send.ts,Reused with modification,"Email unchanged. A single low-priority daily push for the QR digest only, because a weekly performance summary is a reading task, not an interruption.",P2,src/lib/email/categories.ts,Low,-
EM-002,Email family,multi,13 templates in category legal,website/src/emails/templates/,website/src/lib/email/send.ts,Reused with modification,"Unchanged. In-app, the legal route renders the same text so a user can read what changed.",P1,src/lib/email/categories.ts,Med,-
EM-003,Email family,multi,2 templates in category messages,website/src/emails/templates/,website/src/lib/email/send.ts,Reused with modification,"Push replaces the email as the primary channel for anyone with the app installed and push granted. The email still sends when no device token is registered or push is denied, so nobody silently stops being told.",P1,src/lib/email/categories.ts,HIGH,-
EM-004,Email family,multi,8 templates in category newsletter,website/src/emails/templates/,website/src/lib/email/send.ts,Reused with modification,Email unchanged. No push. No in-app surface.,Web only,src/lib/email/categories.ts,Low,-
EM-005,Email family,multi,71 templates in category orders_and_payouts,website/src/emails/templates/,website/src/lib/email/send.ts,Reused with modification,"Unchanged as email. Each one that names an order or a placement gains a push per appendix C, and its link becomes a universal link into the native screen. criticalAlwaysSend means the push must not be suppressible either.",P2,src/lib/email/categories.ts,HIGH,-
EM-006,Email family,multi,22 templates in category placements,website/src/emails/templates/,website/src/lib/email/send.ts,Reused with modification,"Unchanged as email, plus push. The preference toggle placements_enabled governs both the email and the push, so a user who turns it off is not pushed instead.",P1,src/lib/email/categories.ts,HIGH,-
EM-007,Email family,system,1 templates in category platform_admin,website/src/emails/templates/,website/src/lib/email/send.ts,Reused with modification,Email unchanged. Optionally a push to the owner's own device (WP-X-ADMINPUSH).,P4,src/lib/email/categories.ts,Low,-
EM-008,Email family,multi,9 templates in category promotions,website/src/emails/templates/,website/src/lib/email/send.ts,Reused with modification,"Email unchanged. No push in v1. If promotional push is ever added it needs its own opt-in, separate from transactional push.",P4,src/lib/email/categories.ts,Med,-
EM-009,Email family,multi,22 templates in category recommendations,website/src/emails/templates/,website/src/lib/email/send.ts,Reused with modification,"Email unchanged. No push in v1: recommendations are the family most likely to make a user turn push off entirely, and turning push off costs the transactional pushes too.",P3,src/lib/email/categories.ts,Med,-
EM-010,Email family,multi,11 templates in category security,website/src/emails/templates/,website/src/lib/email/send.ts,Reused with modification,"Email is unchanged. Password reset and invite links become universal links that open the app when installed. This family is criticalAlwaysSend and never gets a preference toggle, so it never gets a push either: the email IS the channel.",P0,src/lib/email/categories.ts,HIGH,-
EM-011,Email family,multi,9 templates in category tips,website/src/emails/templates/,website/src/lib/email/send.ts,Reused with modification,Email unchanged. No push.,P3,src/lib/email/categories.ts,Low,-
NT-001,Notification kind,venue,An artist responded to a brief,src/lib/notifications.ts plus the route that creates it,/venue-portal/artwork-requests/{id},Improved or redesigned for the app,"PUSH, normal.",P3,notifications.idempotency_key; device_tokens (new),Med,-
NT-002,Notification kind,artist,A venue accepted your response,src/lib/notifications.ts plus the route that creates it,/artist-portal/artwork-requests/{id},Improved or redesigned for the app,"PUSH, high.",P3,notifications.idempotency_key; device_tokens (new),Med,-
NT-003,Notification kind,artist,A venue declined your response,src/lib/notifications.ts plus the route that creates it,/artist-portal/artwork-requests,Improved or redesigned for the app,"PUSH, low.",P3,notifications.idempotency_key; device_tokens (new),Low,-
NT-004,Notification kind,venue,A buyer paid to collect a work from this venue,src/lib/notifications.ts plus the route that creates it,/venue-portal/orders,Improved or redesigned for the app,"PUSH, high: someone is about to walk in.",P2,notifications.idempotency_key; device_tokens (new),HIGH,-
NT-005,Notification kind,counterparty,An offer or placement was countered,src/lib/notifications.ts plus the route that creates it,/placements/{id} or /offers,Improved or redesigned for the app,"PUSH, high: the money terms changed.",P2,notifications.idempotency_key; device_tokens (new),HIGH,-
NT-006,Notification kind,artist or venue,A new message in a conversation,src/lib/notifications.ts plus the route that creates it,/{portal}/messages?c={conversationId},Improved or redesigned for the app,"PUSH, high, collapsed per conversation, badge = unread conversations. This is what replaces the 8s and 15s polls.",P1,notifications.idempotency_key; device_tokens (new),HIGH,-
NT-007,Notification kind,buyer or artist,Order status advanced,src/lib/notifications.ts plus the route that creates it,/orders/{id},Improved or redesigned for the app,"PUSH, normal. Live Activity for the shipped-to-delivered leg is a P4 candidate.",P2,notifications.idempotency_key; device_tokens (new),Med,-
NT-008,Notification kind,both parties,A paid-loan subscription ended,src/lib/notifications.ts plus the route that creates it,/placements/{id},Improved or redesigned for the app,"PUSH, normal.",P2,notifications.idempotency_key; device_tokens (new),Med,-
NT-009,Notification kind,venue,A paid-loan invoice failed,src/lib/notifications.ts plus the route that creates it,/placements/{id},Improved or redesigned for the app,"PUSH, high: dunning.",P2,notifications.idempotency_key; device_tokens (new),HIGH,-
NT-010,Notification kind,both parties,A paid-loan monthly subscription began,src/lib/notifications.ts plus the route that creates it,/placements/{id},Improved or redesigned for the app,"PUSH, normal.",P2,notifications.idempotency_key; device_tokens (new),Med,-
NT-011,Notification kind,artist,A payout failed,src/lib/notifications.ts plus the route that creates it,/artist-portal/billing,Improved or redesigned for the app,"PUSH, high: it needs action.",P2,notifications.idempotency_key; device_tokens (new),HIGH,-
NT-012,Notification kind,artist or venue,A Stripe transfer settled,src/lib/notifications.ts plus the route that creates it,/artist-portal/billing or /venue-portal/orders,Improved or redesigned for the app,"PUSH, normal.",P2,notifications.idempotency_key; device_tokens (new),Med,-
NT-013,Notification kind,counterparty,A placement was cancelled,src/lib/notifications.ts plus the route that creates it,/placements/{id},Improved or redesigned for the app,"PUSH, high priority.",P1,notifications.idempotency_key; device_tokens (new),Med,-
NT-014,Notification kind,counterparty,Work collected from the venue,src/lib/notifications.ts plus the route that creates it,/placements/{id},Improved or redesigned for the app,"PUSH, normal.",P2,notifications.idempotency_key; device_tokens (new),Low,-
NT-015,Notification kind,both parties,Placement end date approaching (cron),src/lib/notifications.ts plus the route that creates it,/placements/{id},Improved or redesigned for the app,"PUSH, normal, quiet-hours deferred to 09:00 local.",P2,notifications.idempotency_key; device_tokens (new),Low,-
NT-016,Notification kind,counterparty,Work confirmed installed,src/lib/notifications.ts plus the route that creates it,/placements/{id},Improved or redesigned for the app,"PUSH, normal.",P1,notifications.idempotency_key; device_tokens (new),Med,-
NT-017,Notification kind,counterparty,A photo was added to the placement,src/lib/notifications.ts plus the route that creates it,/placements/{id},Improved or redesigned for the app,"PUSH, low, collapsible: one per placement per hour.",P2,notifications.idempotency_key; device_tokens (new),Low,-
NT-018,Notification kind,counterparty,The consignment record was countersigned,src/lib/notifications.ts plus the route that creates it,/placements/{id}/record,Improved or redesigned for the app,"PUSH, normal.",P2,notifications.idempotency_key; device_tokens (new),Low,-
NT-019,Notification kind,counterparty,A consignment record was created,src/lib/notifications.ts plus the route that creates it,/placements/{id}/record,Improved or redesigned for the app,"PUSH, high: it needs countersigning.",P2,notifications.idempotency_key; device_tokens (new),Med,-
NT-020,Notification kind,artist or venue,A new placement request arrived,src/lib/notifications.ts plus the route that creates it,/placements/{id},Improved or redesigned for the app,"PUSH, high priority. This is the number the app exists to move: time to respond to a placement request.",P1,notifications.idempotency_key; device_tokens (new),HIGH,-
NT-021,Notification kind,counterparty,"A placement stage advanced (accepted, scheduled, installed, live, collected)",src/lib/notifications.ts plus the route that creates it,/placements/{id},Improved or redesigned for the app,"PUSH, normal priority, one per stage, deduped on notifications.idempotency_key.",P1,notifications.idempotency_key; device_tokens (new),Med,-
NT-022,Notification kind,artist,A venue made a purchase offer with a seven-day expiry,src/lib/notifications.ts plus the route that creates it,/artist-portal/offers,Improved or redesigned for the app,"PUSH, high. Expiry makes it time-critical.",P2,notifications.idempotency_key; device_tokens (new),HIGH,-
NT-023,Notification kind,artist,Daily digest of QR scans (cron),src/lib/notifications.ts plus the route that creates it,/artist-portal/analytics,Improved or redesigned for the app,"PUSH, low, once a day at 09:00 local, collapsible. Only when the count is non-zero.",P2,notifications.idempotency_key; device_tokens (new),Low,-
NT-024,Notification kind,artist,A referral credited a 30-day fee-free window,src/lib/notifications.ts plus the route that creates it,/artist-portal/billing,Reused with modification,IN-APP ONLY on iOS for the same reason.,P3,notifications.idempotency_key; device_tokens (new),Med,Apple 3.1.1 and 3.1.3: a push that lands on a purchase surface is a call to action.
NT-025,Notification kind,artist,The fee-free window is ending (cron),src/lib/notifications.ts plus the route that creates it,/artist-portal/billing,Reused with modification,IN-APP ONLY on iOS.,P3,notifications.idempotency_key; device_tokens (new),Med,Apple 3.1.1 and 3.1.3: a push that lands on a purchase surface is a call to action.
NT-026,Notification kind,buyer and artist,A refund was approved,src/lib/notifications.ts plus the route that creates it,/customer-portal?order= or /artist-portal/orders,Improved or redesigned for the app,"PUSH, normal.",P2,notifications.idempotency_key; device_tokens (new),Med,-
NT-027,Notification kind,buyer,A refund was rejected,src/lib/notifications.ts plus the route that creates it,/customer-portal?order=,Improved or redesigned for the app,"PUSH, normal.",P2,notifications.idempotency_key; device_tokens (new),Med,-
NT-028,Notification kind,artist,A buyer requested a refund,src/lib/notifications.ts plus the route that creates it,/artist-portal/orders?id=,Improved or redesigned for the app,"PUSH, high, 14-day statutory clock.",P2,notifications.idempotency_key; device_tokens (new),HIGH,-
NT-029,Notification kind,both parties,Post-completion review requested (cron),src/lib/notifications.ts plus the route that creates it,/placements/{id}/review,Improved or redesigned for the app,"PUSH, low, quiet-hours deferred.",P3,notifications.idempotency_key; device_tokens (new),Low,-
NT-030,Notification kind,artist,A work sold,src/lib/notifications.ts plus the route that creates it,/artist-portal/orders,Improved or redesigned for the app,"PUSH, high, with a success haptic when the app is open. The single most motivating event in the product.",P1,notifications.idempotency_key; device_tokens (new),HIGH,-
NT-031,Notification kind,artist,A past_due subscription recovered,src/lib/notifications.ts plus the route that creates it,/artist-portal/billing,Reused with modification,"IN-APP ONLY on iOS, no push and no CTA, because it lands on a purchase surface. On Android the same, pending the owner decision in section 17.",P2,notifications.idempotency_key; device_tokens (new),HIGH,Apple 3.1.1 and 3.1.3: a push that lands on a purchase surface is a call to action.
FL-001,Feature flag,all,Artist blogs (currently off in prod),website/src/lib/feature-flags.ts,-,Intentionally excluded,"No blog surface in the app, so the app never reads this flag.",Web only,WP-N-CONFIG,Low,-
FL-002,Feature flag,all,"Subscription gating across publish, placements, outreach and /browse visibility (currently on in prod)",website/src/lib/feature-flags.ts,-,Reused with modification,Server-side enforcement is unchanged and is the real gate. The app reads its state from GET /api/me/subscription rather than from a build-time constant.,P0,WP-N-CONFIG,HIGH,-
FL-003,Feature flag,all,Google and Apple sign-in (currently off in prod),website/src/lib/feature-flags.ts,-,Reused with modification,"Remote config. Turning Google on obliges Sign in with Apple on iOS, so the two must flip together.",P2,WP-N-CONFIG,HIGH,-
FL-004,Feature flag,all,41 fictional seed artists and 21 seed venues shown with a Sample pill (currently on in prod),website/src/lib/feature-flags.ts,-,Reused with modification,"Remote config, and the single biggest store-review risk in the product. Section 15.5 recommends the seed catalogue is switched OFF for the reviewer build, or the pill is made unmissable, because 41 fictional artists reading as real content is exactly what a reviewer rejects under 4.2.2 and the metadata rules.",P0,WP-N-CONFIG,HIGH,-
FL-005,Feature flag,all,Kill switch for the visualiser (currently on in prod),website/src/lib/feature-flags.ts,-,Reused with modification,"A build-time NEXT_PUBLIC_* flag cannot gate an installed app. Every flag the app reads moves to the remote config document (WP-N-CONFIG), fetched on launch with a cached fallback, so a kill switch takes effect without a store release.",P0,WP-N-CONFIG,HIGH,-
XC-001,Auth,all,Bearer-token API auth: the Supabase access token is sent as Authorization: Bearer and validated per request with a GoTrue round trip,"src/lib/api-client.ts, src/lib/api-auth.ts",every authenticated route,Shared directly,"The app uses the identical model. No cookie session exists, so there is nothing web-specific to replace. The only change is where the token lives: Keychain and Android Keystore via a secure storage adapter passed to supabase-js, not AsyncStorage.",P0,-,HIGH,-
XC-002,Auth,all,PKCE and session refresh,src/lib/supabase.ts (default client options),GoTrue,Reused with modification,"supabase-js defaults to detectSessionInUrl, which is meaningless on native. The app sets flowType 'pkce', detectSessionInUrl false, and a secure storage adapter. Refresh continues in the background; a refresh failure signs the user out rather than leaving a zombie session.",P0,-,HIGH,-
XC-003,Auth,all,Biometric unlock,not present on web,-,Improved or redesigned for the app,"Face ID, Touch ID and BiometricPrompt gate access to the already-stored session. It is a local convenience only: it never becomes a server credential and never replaces the access token. Failing biometrics falls back to the passcode, then to sign-in.",P2,-,Med,-
XC-004,Auth,all,"Unconfirmed-email, pending, rejected, approved-not-paid and past_due states",src/components/PortalGuard.tsx,GET /api/account/roles; GET /api/artist-profile,Reused with modification,"All five states ship, as native screens rather than a guard wrapper. The approved-not-paid and past_due states are the compliance-sensitive ones: on iOS they explain the state and where it is resolved, with no purchase control and no link. See section 6.7.",P1,-,HIGH,Apple 3.1.1 and 3.1.3: these banners are calls to action today.
XC-005,Auth,all,Dual-role accounts: two production auth users own both an artist and a venue profile,src/components/PortalGuard.tsx; GET /api/account/roles,GET /api/account/roles,Improved or redesigned for the app,"The app models role as a switcher in the account sheet driven by ownRoles, not by user_metadata.user_type. Switching role swaps the tab bar without signing out, which the web cannot do. Separate accounts on the same email still require a sign-out, and the switcher says so.",P1,-,HIGH,-
XC-006,Auth,all,Role hint in user_metadata.user_type is navigation only; authority is profile ownership and the ADMIN_EMAILS or admin_users predicate,src/lib/auth-roles.ts; ADR 0008,GET /api/account/roles,Shared directly,"Unchanged, and the app must not tighten or loosen it. A device that guesses wrong about a role gets the wrong tabs, never the wrong data, because every route checks ownership itself.",P0,-,HIGH,-
XC-007,Money,all,"QR attribution chain: scan, signed 24h claim, localStorage, checkout verification, venue revenue share","src/app/api/qr/[slug]/route.ts, src/lib/qr-context.ts, src/lib/qr-attribution-token.ts",POST /api/checkout,Reused with modification,"Verified live on 2026-09-06: the redirect mints the va token and the browser stores it. The app replaces localStorage with secure storage under the same key semantics and the same 24h TTL, and passes the token to checkout unchanged. If this breaks, venues are silently paid nothing and nobody finds out.",P1,-,HIGH,-
XC-008,Money,all,QR_ATTRIBUTION_ENFORCE will one day refuse bare slugs,src/app/api/checkout/route.ts,POST /api/checkout,Shared directly,"The app must send the token, never the bare slug, from day one, so enabling enforcement later is a no-op for app traffic.",P1,-,Med,-
XC-009,Money,artist,"Flat 15% platform fee, zero during trial and during a referral fee-free window",src/lib/platform-fee.ts,webhook,Kept entirely in the shared backend,"Server-side, unchanged. The app displays the resolved rate from GET /api/me/subscription rather than computing it.",P2,-,Med,-
XC-010,Money,"artist,venue","Stripe Connect Express payouts with a 14-day hold, immediate for collection orders","src/lib/payouts/legs.ts, stripe_transfers",webhook; /api/stripe-connect/*,Kept entirely in the shared backend,Unchanged. Onboarding and the Express dashboard open Stripe-hosted pages in an in-app browser.,P2,-,Med,Payouts are not a purchase under either store's rules.
XC-011,Money,all,"Refunds inside a 14-day statutory window, disputes and chargebacks",src/lib/refunds/cancellation.ts,/api/refunds/*; /api/disputes,Kept entirely in the shared backend,Unchanged. Both flows get native screens; the policy stays server-side.,P2,-,Med,-
XC-012,Money,all,"cart_sessions is the data of record, keyed by the Stripe session id",src/lib/cart-sessions.ts,POST /api/checkout; webhook,Reused with modification,"On the native PaymentIntent path the key becomes the PaymentIntent id. The row is still written before payment and the webhook still books the order from it, never from the client.",P2,-,HIGH,-
XC-013,Money,artist,"Works cap 8/20/50, active placement cap 2/5/unlimited, outreach 7/15/30 per rolling week","src/lib/pricing.ts, src/lib/outreach-cap.ts",enforced per route,Kept entirely in the shared backend,"Enforced server-side, unchanged. The app renders the number BEFORE it bites (the ADR 0009 principle) on the Works list, the Spaces list and the placement request sheet.",P2,-,HIGH,The 402 copy is compliance-sensitive on iOS: it states the limit without offering a way to buy past it.
XC-014,Money,artist,"402 responses from works cap, placement cap, walls cap, visualiser quota and outreach cap",various routes,various,Reused with modification,"Handled by a single error interceptor that renders a native sheet. On iOS the sheet names the limit and the plan that lifts it and stops there; it carries no price, no button and no link.",P2,-,HIGH,Apple 3.1.1: today these render an UpgradePrompt with a CTA.
XC-015,Content,all,"Public projections: toPublicArtist, redactDemandVenue, coarsenCoordinates to 2dp, column-level REVOKE on PII","src/lib/db/public-artist.ts, src/lib/venue-visibility.ts, src/lib/geo-precision.ts, ADR 0004",every public read,Shared directly,"Every new mobile endpoint must apply the same projection. The anon key ships in the app binary, so the column REVOKEs on artist_profiles and venue_profiles remain the last line of defence and must not be relaxed for convenience.",P1,-,HIGH,-
XC-016,Content,all,Artwork image protection against long-press save and context menu,src/components/ (image components),-,Reused with modification,"Long-press save can be disabled on a native image view, and will be. Screenshots cannot be prevented on either platform, and the plan says so plainly rather than implying the app protects artists more than it can.",P2,-,Low,-
XC-017,Content,all,Sample pill on the 41 seed artists and 21 seed venues,"SEED_CATALOG flag, src/data/artists.ts, src/data/venues.ts",GET /api/browse-artists,Reused with modification,"Carried into the app, and made more prominent. See the SEED_CATALOG flag row: this is a store-review risk, not just a copy question.",P1,-,HIGH,4.2.2 and the App Review metadata rules: fictional catalogue content reads as a placeholder app.
XC-018,Content,all,Verified badge,components,-,Shared directly,Carried across unchanged.,P2,-,Low,-
XC-019,Content,"artist,venue","Block and report on conversations, moderation queue, appeal","/api/messages/block, /report, /api/moderation",those routes,Shared directly,"Both actions ship in v1 and must be reachable in at most two taps from any message. Apple 1.2 requires a method for filtering objectionable content, a mechanism to report it, the ability to block abusive users, and published contact information.",P1,-,HIGH,"Apple 1.2 is a rejection reason, not a nicety. Artworks and profiles have NO report path today; section 11.6 adds one before submission."
XC-020,Errors,all,A failed request is not an empty list: honest error states everywhere,"src/lib/api-client.ts (apiErrorMessage, isTransient)",-,Shared directly,"The convention carries over, and matters more on mobile where connections drop mid-scroll. Every list has four states: loading, empty, error with retry, and offline with cached content plus a staleness marker.",P1,-,HIGH,-
XC-021,Errors,all,"Error contract { error, message?, issues? }",src/lib/api-client.ts,every route,Shared directly,"The typed client generated from the zod schemas parses this shape once, so no screen re-implements it.",P0,-,Med,-
XC-022,Abuse,all,"Per-IP rate limiting, Upstash when configured and in-memory otherwise; Upstash is NOT set in production",src/lib/rate-limit.ts,every public route,Reused with modification,"Per-IP is actively wrong for mobile: carrier-grade NAT puts thousands of users behind one address, so one busy user rate-limits a city. Authenticated routes move to a per-user key and anonymous routes keep per-IP with a per-device-attestation fallback (WP-C-RATELIMIT). Upstash must be configured before launch or none of it is durable.",P1,-,HIGH,-
XC-023,Abuse,all,Cloudflare Turnstile on signup (secret NOT set in production),"signup pages, /api/auth/verify-turnstile",that route,Rebuilt specifically for mobile,"App Attest (iOS) and Play Integrity (Android) replace it, verified server-side by a new POST /api/auth/attest that fails closed exactly as the Turnstile route does.",P1,-,Med,-
XC-024,Config,all,NEXT_PUBLIC_FLAG_* flags inlined at build time; flipping one is a redeploy,src/lib/feature-flags.ts,-,Rebuilt specifically for mobile,"A shipped binary cannot be redeployed. WP-N-CONFIG adds GET /api/app/config returning flags, a minimum supported version, a maintenance flag and per-feature kill switches, cached with a 5-minute TTL and a bundled fallback so a config outage never bricks the app.",P0,-,HIGH,-
XC-025,Config,all,Minimum supported version and forced update,not present on web,-,Rebuilt specifically for mobile,"GET /api/app/config returns minSupportedBuild per platform. Below it, the app shows a blocking update screen with a store link. Above it but below latest, a dismissible prompt.",P0,WP-N-CONFIG,HIGH,Both stores permit a forced-update gate; neither permits blocking the app for any other reason.
XC-026,Config,all,API versioning and deprecation,not present on web,-,Rebuilt specifically for mobile,Every app request sends X-Wallplace-Client: ios|android and X-Wallplace-Build. Response shapes are additive-only for 90 days after a build stops being supported; a removal needs a minSupportedBuild bump first. The contract tests in section 13.3 are what hold this.,P0,-,HIGH,-
XC-027,Deep links,all,"Universal links and App Links from every email, QR label and Stripe return",102 distinct ${SITE} paths across src/emails and src/app/api,-,Rebuilt specifically for mobile,"apple-app-site-association and assetlinks.json are served from the Next app at /.well-known/, so the domain that already sends the emails is the domain that opens the app. Query parameters are preserved verbatim, and every destination is validated with the same safeRedirect the web uses. Full inventory in appendix B.",P1,-,HIGH,-
XC-028,Deep links,all,App-not-installed fallback,-,-,Shared directly,"A universal link that finds no app opens the web page, which already works. No interstitial, no smart banner on the link itself.",P1,-,Low,Apple rejects apps that block content behind an install prompt.
XC-029,Offline,all,Offline caching and drafts,not present on web,-,Rebuilt specifically for mobile,"Cached: browse feed page 1, saved items, own portfolio, conversation list and the last 50 messages per open thread, own placements. Queued: message sends, artwork image uploads, placement photo uploads. Never offline: checkout, subscription state, payouts, any 402 decision. Conflict rule from src/lib/current-artist-cache.ts: a confirmed write clears the cache, and a cached read is always marked with its age.",P3,-,Med,-
XC-030,Images,all,"Client-side resize to 2000px WebP, 10MB cap, upload straight to public Supabase buckets with owner insert policies","src/lib/upload.ts, src/lib/image.ts",Supabase Storage,Reused with modification,"Same caps, same buckets, same policies. Native adds HEIC transcoding, EXIF orientation correction and metadata stripping (which the browser canvas path gets for free and a native encoder does not), plus background upload with resumable retry.",P2,-,HIGH,-
XC-031,Images,all,Next Image optimisation for delivery,next.config.ts images config,-,Rebuilt specifically for mobile,"Next Image is web-only. The app cannot use it, and Supabase image transformations need a paid plan. Section 12.4 recommends generating three variants (thumb 400, card 800, detail 1600) at upload time with the sharp pipeline that already exists, stored beside the original, plus an on-device disk cache. This is the single largest data-volume decision in the app.",P2,-,HIGH,-
XC-032,Location,all,"Browse near me, spaces near me, remembered postcode and coordinates","src/app/(pages)/browse/page.tsx, src/components/PostcodeInput.tsx",GET /api/venues/demand,Reused with modification,"Core Location and the Android location APIs with when-in-use permission, primed at the moment the user taps Near me rather than at launch. The 2dp coarsening of published coordinates is server-side and must not be weakened to make the app's distance filter feel sharper.",P2,-,Med,Both stores require a purpose string that says what the location is for.
XC-033,Analytics,all,First-party analytics_events with a daily-rotating hashed visitor id from IP and user agent,src/lib/analytics.ts,POST /api/analytics/track,Reused with modification,"There is no meaningful IP or user agent to hash in an app. The app sends a daily-rotating install identifier it derives locally, never the IDFA or the Android advertising id, so ATT is not engaged.",P2,-,Med,App Tracking Transparency applies only to tracking across apps and websites owned by other companies. This is first-party and does not trigger it.
XC-034,Observability,all,No crash reporting or product analytics is installed anywhere today,-,-,Improved or redesigned for the app,"The app ships with crash reporting and release health from day one, because a crash on a stranger's Android device is invisible in a way a Vercel 500 is not. Section 24 names the tooling and the privacy declarations it forces.",P0,-,HIGH,Any SDK added must carry a signed privacy manifest and appear in the Play Data safety form.
XC-035,Accessibility,all,"44px minimum tap targets, enforced by an e2e test",tests/e2e,-,Shared directly,"Carried over, and raised to the platform minima (44pt iOS, 48dp Android). Dynamic Type and font scaling to at least 200%, VoiceOver and TalkBack labels on every control, reduced-motion respect, and the existing contrast tokens.",P1,-,Med,Both stores surface accessibility in review; neither rejects on it alone.
XC-036,Design,all,Light theme only; six Premium profile themes and label colour themes,"src/app/globals.css, src/lib/profile-themes.ts",-,Reused with modification,"Recommendation in section 9.6: ship light-only in v1, matching the web, and declare it. A dark mode that inverts an off-white gallery ground would fight the product's whole visual argument, and half-doing it is worse than not doing it. Raised to the owner in section 17.",P1,-,Med,Neither store requires dark mode.
XC-037,Design,all,Tailwind 4 tokens in globals.css,src/app/globals.css,-,Rebuilt specifically for mobile,"The palette becomes one generated token module consumed by both the web CSS variables and the app theme, so a colour is defined once. Section 4.7 gives the mechanism.",P0,-,Med,-
XC-038,Copy,all,"British English, no dashes as punctuation, programme not program",website/AGENTS.md,-,Shared directly,"Applies to every string in the app, including store listing copy, push notification bodies and permission purpose strings. A lint rule over the app's string catalogue enforces it the way the web enforces it.",P0,-,Low,-
XC-039,Data,all,"58 tables, about 20 service-role-only with RLS on and no policy, client grants revoked",docs/security/service-role-only-tables.md,-,Shared directly,"Unchanged. The device token table added in section 5.4 follows the same five-step pattern, including the known-acceptable.json entry that the nightly advisor job checks.",P1,-,HIGH,-
XC-040,Data,all,Migration numbering: production is ahead of every branch,tests/integration/migration-numbering.test.ts,-,Shared directly,"Verified 2026-09-06 via list_migrations: production's highest applied is 138_collection_size_tiers, with a duplicate-numbered 136_artist_profile_review_flow and a 137. Local highest file is 138. The first mobile migration claims 139 and every later one re-checks before it is named.",P1,-,HIGH,-
XC-041,Store,all,Reviewer accounts with meaningful data for each role,demo mode was removed 2026-09-02; the seed script is stale,-,Rebuilt specifically for mobile,"Three reviewer accounts (artist approved and subscribed, venue with a live placement, buyer with an order) with a scripted seed that is kept current. This is an owner deliverable with a real lead time, listed in section 18.",P4,-,HIGH,A reviewer who cannot get past a paywall or an approval queue rejects the app.
XC-042,Store,all,App Store and Play listing identity: the Stripe account and Vercel project are still named Wallspace,"Stripe acct_1TKnAGFKpqBQjvlK, Vercel project wallspace",-,Improved or redesigned for the app,"The app is Wallplace everywhere. The Stripe account display name and the Vercel project name are cosmetic and can stay, but the Stripe account name appears on card statements, so it should be changed before the first live charge. Owner action.",P4,-,Med,A statement descriptor that does not match the app name generates chargebacks.
